rating,comment,time,votes
5,非主流少年拯救皮肤病儿童,2009/12/16 12:58,796
5,初三时候看的 简直是日本文化的一次大启蒙，超帅的长剑，纯萌的萝莉，酷毙了，我的灵魂也浪了起来，十几年后再看，烂。,2016/10/26 20:47,362
4,据说是游戏改编电影最成功的一部，果然很精彩，画面够美，打斗够炫。,2012/1/5 16:04,225
4,唉，CG真棒啊,2006/10/31 16:20,126
4,VINCENT,2009/8/10 0:33,51
4,全CG电脑动画经典之作，还有我特别喜欢男主角克劳德的发型！,2017/4/8 21:58,50
5,去看了4K重映。刚开场心想，当年的CG终究过时了吧……看完：卧槽，我来电影院就是想看这样的！这下明白了，《RWBY》的灵魂导演MO大，为什么最开始是做最终幻想7打斗同人起家的了。打得也太帅了。光蒂法就满分了，比重制版游戏人设好，至少年轻十岁。还有克劳德VS萨菲罗斯，体现游戏要素的巨大BOSS战、胜利结算音效的翻盖手机铃声，扎克斯与爱丽丝的感人回忆等等。什么叫杀必死（中日双语），这就是啊！,2024/1/21 16:37,12
5,帅啊,2006/12/16 18:47,0
5,赞就一个字！,2008/6/26 15:31,0
4,技术分，MAYA和诡异的峰谷,2010/5/30 2:45,0
5,FANS向作品 视觉5星,2007/12/20 19:36,3
4,时隔半年 终于把另一半看完了﹁_﹁,2012/7/14 23:08,1
4,强大的画面,2007/12/31 13:32,0
5,精美的画面，美呆了！,2010/2/16 20:33,0
5,效果很好。,2011/11/11 10:20,1
4,有点年代了,2011/9/7 13:49,0
5,就看打架都给满星,2009/5/5 22:14,0
5,我就是超爱FF，FF都是五星,2008/10/30 16:38,1
5,四星给画面+一星给没看到脸的女配,2012/5/24 15:25,0
4,3D效果真好,2010/2/11 17:13,0
5,CG赛高~~,2010/12/19 22:32,0
4,摆酷呗~,2010/10/30 23:10,0
4,11区人民真是太可怕了,2011/12/28 17:54,1
5,那个CG华丽的!,2010/9/4 20:52,0
5,痛哭流涕啊！,2010/2/4 22:31,0
4,01年的大成本惨败，05年的低调逆袭,2012/7/14 12:33,0
4,看不懂无所谓，很酷就够了,2011/9/17 12:55,1
4,炫目的画面，还有帅哥阿帅哥！,2011/5/30 22:19,0
4,本以为多少年后重温就不会再有感觉了~~~ 结果还是给赛菲罗斯和cloud的基情萌到了~~~,2010/2/14 21:39,0
4,很漂亮,2010/5/23 12:59,0
4,画面不用说了 但还是喜欢扎克斯和萨菲罗斯= =,2010/4/27 14:27,0
5,买了两张碟收藏,2007/3/7 12:25,0
4,太美型了~妖孽啊~,2011/11/14 22:33,0
4,当时看过的最炫的动画,2009/4/19 12:51,0
5,画面真的太美了啊,2011/11/5 8:24,0
5,力推。。。玩过ff7的人不解释。。。,2011/4/24 7:54,0
4,花痴片,2010/11/28 12:59,0
4,除了男主那个锥子脸设定很失败，画面真的很精致。,2012/1/3 6:09,0
5,没啥说，5星！粉丝向神作。尤其是最后召唤兽的时候，有朋友们都回来了的感觉。,2012/5/25 17:30,0
5,妈妈咪呀^从此沦为克大帅的粉丝,2010/7/22 19:32,0
4,没玩过《最终幻想VII》的人看这部片才是不会有感觉的，好怀念当年玩最终幻想VII时的时光啊～,2011/11/7 20:50,0
5,还是大学的时候和朋友一起看的，不过前几个月才看完整版，完整版好看多了，可惜如果没有了解过ff的人会觉得有一些枯燥，不过这种类型的电影本来就是为粉丝打造，所以5星。,2010/6/25 16:01,1
5,沒玩過遊戲，對此一無所知，但還是被宏偉的情感所籠罩，再，要向強大的CG致敬。,2010/5/1 1:33,0
5,画面真不是盖得，国产动漫能做的这一步就好了,2011/3/3 16:34,0
5,小时候看的，这部完全是心中动画电影的神作了~,2018/4/2 9:45,1
4,那把大剑啊~,2011/9/20 10:50,0
4,看的是英语配音版 有些不伦不类 想看日语原音的,2009/12/17 11:29,0
5,画面真不是一般的赞！！！,2011/3/6 12:07,0
5,"屎克威尔就是个妖啊,这动画做的.华丽!",2007/12/12 15:59,0
5,多美啊....赛菲罗斯,2011/11/25 1:29,0
4,CG做的太牛了！,2008/6/18 21:56,0
4,什么叫华丽？ 这就叫华丽。,2011/12/29 13:34,0
5,华丽至极！,2009/9/2 16:54,0
4,看在游戏的分上不要骂它了,2008/6/12 9:39,0
4,太帅了！,2005/11/26 18:55,0
5,人物真是精美啊,2008/6/13 6:28,0
5,其他那些cg和最终幻想比起来简直就是渣阿！,2013/1/6 9:43,1
5,牛！,2010/1/26 22:48,0
4,我才发现，原来我看过这片，怪不得觉得画面感如此熟悉，不过正如胖子所说，对最终幻想游戏整体世界观完全无感的我，除了精致无比的技术，的确看不出啥来,2007/11/16 15:24,0
5,你们这些装逼的，等你们见了丁叔你们就拜服了,2011/2/2 2:47,0
4,哇塞~好大的砍刀！,2012/10/8 13:47,0
4,装13在动画片里感觉就不同了。,2010/7/15 15:08,2
5,白发三人组成功抢镜，萨菲罗斯依然这么帅！,2012/2/13 17:03,1
5,克劳德，就是受！还我小狗扎克斯！,2008/4/24 18:40,0
4,伟大的日本CG 不佩服不成。,2009/7/20 21:56,0
4,最终幻想系列只看过这一个完整的，主角帅得一塌糊涂，反派们也都超级养眼！很喜欢13的声音。,2011/11/13 16:35,0
4,牛逼成这样的动画，剧情神马的都是浮云。,2011/9/27 12:25,0
5,帅,2008/7/5 1:29,0
5,要看完全版，电影版有些东西没说清,2009/10/1 14:15,0
4,非常高超的3D动画制作。,2007/12/4 21:37,0
4,帅啊美型啊，故事没怎么看懂，只为养眼而生的片,2011/6/25 13:30,0
4,那个~~男主会不会太帅了点儿？,2009/6/9 9:43,0
4,狠炫,2007/5/31 12:40,0
5,让我无尽意淫的动画片,2012/10/19 14:26,0
5,回忆。经典。,2012/2/26 2:55,0
5,全剧都是飘逸的秀发。效果那叫一个好到爆。卡达裘你也变态的太帅了点吧,2010/3/5 20:48,0
4,看着他们想象着我们,2009/1/12 20:01,0
4,我下了几个月的10G多的1080P版本啊.....可以删了,2011/6/2 9:33,0
4,FFVII的继续,2005/9/26 12:43,0
5,3D的经典作,2010/5/11 1:07,0
4,打斗实在太精彩了，当然，最赞的绝对是尤娜，做的太美了，简直是最美的动漫人物,2013/9/20 17:38,0
5,帅哥多！画质爽！配音爽！，其他的就不要追究了~啊哈哈！,2011/9/15 13:22,0
5,完整版的还是蛮不错的，不像原来看的感觉糊里糊涂的,2010/9/21 17:23,0
5,CG太强了。现在仍然历历在目,2007/7/30 16:32,0
4,红发的那个，你多点镜头好不QAQ,2011/9/29 19:40,0
4,日本电影都很不错,2007/8/23 16:12,0
4,技术分,2011/10/12 9:48,0
4,日本人好厉害,2007/8/24 3:58,0
5,我不是动漫迷，但我喜欢这个~,2010/3/29 12:05,0
4,没玩过游戏也看得懂,2007/10/15 21:20,0
4,06.6.16,2006/6/16 21:45,0
5,秦时明月的画质确实不如它,2013/8/27 12:58,0
4,卡桑！,2011/11/12 19:33,0
4,人设机设没话说,2009/7/9 1:06,0
4,全片都在打打打 不过打得很漂亮就是了XD,2012/7/8 11:23,0
4,肖总说不适合我看，不过我觉得还可以。,2009/12/14 21:07,0
5,人类史上的瑰宝!,2009/11/29 14:04,0
4,这个比spirit within要好...,2008/8/1 18:04,0
4,真的无关剧情，人设太棒了！！！,2012/2/1 14:30,0
4,和游戏一样不错。,2010/4/29 19:53,0
5,帅就一个字！,2010/3/3 16:45,0
5,最终幻想系列，从电子游戏到电影，老夫无憾矣·····大三下,2008/11/13 11:18,0
5,（９／１０）这片一定要看2009年的120分钟加长版，多出了很多剧情和精彩的武打场面。,2010/6/21 15:43,0
4,唯美,2008/5/2 8:36,0
4,帅哥,2007/5/19 1:50,0
4,初中看的貌似，克劳德真是帅我一脸，预算都烧光了好吗,2014/4/6 20:58,0
4,这种CG，惊叹！,2010/2/15 20:50,0
4,完美的画面。,2010/10/14 8:19,0
4,没玩过游戏的人飘过。。。不过视觉效果真好啊~P.S.很想借克劳德的刀用来切菜~木哈哈哈哈,2011/5/31 8:21,0
5,画面美得没话说。。,2011/7/23 21:51,0
4,特效强，架打的过瘾。节奏快，像摇滚。,2010/2/28 1:17,0
5,超炫的动画 苍白的剧情,2007/9/22 10:13,0
5,2005年9月，还在上初中的我无意间买了本《游戏机实用技术》杂志，看到对此片的介绍和剧情解析。赶紧去书摊花15元的高价买了电影碟。VCD双碟装的。看后被惊为天人的CG技术打造出的FF7世界震惊了。补完游戏剧情后也很感动。7年半过去，电影OST听了无数遍，杂志也买了200多本。如今再看加长版，感动依旧,2013/3/31 10:43,4
4,华美,2008/6/29 18:42,0
5,深刻印象,2010/5/27 7:20,0
4,对动画留下的印象没有多深刻，但对萨菲X克劳德这对西皮的执着深切的遗留下来了...,2008/7/20 16:02,0
5,连路人甲都TM是大美男！,2009/11/20 17:27,0
5,这制作~~太精致~~,2010/4/10 12:41,0
4,如今看来有些生硬，但人设真是美好到不行。PS：我想知道配音到底怎么回事，看的英文版，但字幕为何挂了日本声优名？不是外国吹替吗？,2011/11/29 23:51,0
4,没看懂剧情，最喜欢这个推荐“非主流少年拯救皮肤病儿童。”.最喜欢全片迎风舞动的发丝。,2011/5/3 15:32,0
5,除了视觉效果 ，其他无法追究,2010/10/2 18:12,0
5,FF迷表示5星那是肯定的,2010/10/5 6:57,0
4,那女的实在修的太完美了,2007/8/23 8:54,0
5,虽说剧情太挑战我智商。。。。不过为了美型的人物顶一个。。,2011/5/4 17:45,0
4,大爱FF！,2012/3/15 20:36,0
5,美型 尖叫,2009/8/22 0:10,0
5,你是我生命的见证,2011/1/28 12:09,0
4,我表示只是作为一个花痴而去看的。。。,2011/7/2 8:53,0
4,高帅富之间的对决,2012/4/25 17:27,0
5,有点装 不过看的很过瘾 感觉FF7成功后SE就给自己的CG动画定型了,2011/8/13 22:05,0
4,日式CG的顶点！,2011/9/15 23:15,0
5,SEPHY殿下还是一如既往的帅气强大啊 CLOUD那丫不知好歹的害死了ZACK还出来削人棍真是讨厌极了 怎么不跟爱丽丝一起飘了呢,2009/9/9 23:15,0
4,片头是《FINAL FANTASY VII》游戏版的结局CG。电影故事发生在游戏BOSS战的2年后，既影片片头REDXIII在草原奔跑的498年前。CLOUD结束了对AERITH的怨念，从ZARK的阴影中走出来。CLOUD和Sephiroth两个基佬最后又对决了一次。,2012/1/30 10:05,0
4,CG！,2010/12/11 10:12,0
5,非常漂亮的CG,2008/3/3 22:54,0
4,很美的三维制作,2005/11/23 14:24,0
4,看这个的时候我还年轻什么都不懂，那时他还在身边,2009/8/20 9:59,0
4,画面画面！,2010/8/21 22:11,0
5,童年的执着,2011/7/26 17:45,0
4,女主让人舒服。,2006/9/5 0:55,0
5,永远的经典啊 克劳德！！！,2009/12/19 12:04,0
4,剧情？全都忘光光了……只记得华丽到掉渣的CG！,2011/12/12 23:13,0
4,献给热爱世界的人们,2011/3/5 22:20,0
4,十一年之后才认真看，克劳德好重的未亡人嫂子味dbq,2013/2/20 12:30,0
4,强大的CG,2009/12/27 22:22,0
4,技术不代表一切。,2012/8/12 20:43,1
5,我喜欢效果``>w<,2008/12/24 13:57,0
4,单纯为了感受那观影快感……,2007/2/17 11:44,0
5,做的太帅了,2007/8/5 15:48,0
4,不带这样的，我的萨菲罗斯还没加载完毕呢,2012/9/24 4:01,0
4,华丽CG的再次闪耀,2011/8/7 12:54,0
4,图像很不错,2008/4/10 14:52,0
4,是为的女神打4星,2010/8/5 12:02,0
5,最终幻想的名号。,2011/5/3 9:03,0
4,没有让我很着迷的角色塑造,2007/7/15 14:05,0
4,质感不错,2008/3/10 13:03,0
4,美少年,2010/3/22 12:13,0
5,克劳德当年小金发秒杀我，TIFA完全符合我审美标准,2009/9/10 16:02,0
4,"没玩过FF7,所以无法深入评价,不过Tifa好乖,胸部还很大,口水啊~",2009/3/18 23:53,0
5,画面~~就是画面。。。,2010/5/31 0:47,0
5,我喜欢FF13那个主角 黑头发的 诺克提斯 比什么克劳德帅多了…,2011/6/7 9:08,0
4,很不错的,2006/11/13 22:31,0
4,没玩过游戏，但萨菲罗斯的出场音乐却很熟悉，以前在磁带里听了好久。,2010/12/30 14:58,1
5,这片我妈还是坚持认为是真人演的,2014/6/5 1:18,3
5,国产动漫伤不起啊,2011/11/7 22:05,0
4,无论故事怎样，光是欣赏这1个多小时的CG也是一种视觉享受（tifa，美死了）,2007/6/30 21:26,0
5,感人~突然想有空玩这个游戏,2012/6/2 12:11,0
5,漂亮~!美形~!,2007/10/20 14:47,0
4,虽然看不太懂，但还是觉得很好看,2008/10/9 22:07,0
4,人物很帅啊,2011/6/29 18:02,0
5,画面漂亮的没话说......但是......但是没玩过游戏看不懂= =好吧我就是为了某13才去看的我是个俗人......,2010/2/8 14:23,0
5,我要看完整版！！！,2010/5/24 20:22,0
4,Cloud很完美~小日本很变态,2010/2/1 2:46,0
5,打过游戏以后再看感觉完全不一样啊,2011/6/7 20:57,0
5,又名: 最终幻想VII 圣子降临 导演: Tetsuya Nomura 主演: Takahiro Sakurai / Ayumi Ito 上映年度: 2004 语言: Japanese 官方网站: http://www.square-enix.co.jp/dvd/ff7ac/ imdb链接: tt0385700 制片国家/地区: 日本,2009/8/18 15:11,0
5,"""这世界上没有我不宝贝的东西"" 帅爆!!",2008/2/9 18:10,0
4,视觉效果的确很棒，打斗场面精彩，不过个人觉得更适合男生观赏,2011/4/20 22:03,0
4,现在看起来仍然牛逼的CG大作，给美爆了的场景、打斗和人设点个赞！男的女的老的少的主角配角龙套反派统统都唇红齿白大眼睛，细腻的皮肤水灵灵这种设定大概也就只有在这种高技术含量的电影里才可能存在了吧。母神大人总让我想起《EVA》里的Lilith怎么破？,2013/7/23 20:33,0
5,我好鸡冻！！！,2010/3/5 14:02,0
4,华丽。还有克劳德那个门环啊，我汗。。。,2011/1/22 17:40,0
4,fans向严重的作品，画面和打斗华丽得无可挑剔，但剧情真的非常单薄……,2011/8/21 20:51,0
5,初三时候超级爱克劳德= =,2010/11/15 14:45,0
4,人物很漂亮,2008/9/14 23:27,0
4,画面啊动作啊啥的不错，就是故事情节有点理解困难，没玩过游戏的话非常的理解不能啊,2011/4/28 19:30,0
4,赞效果,2007/8/18 16:40,0
5,终于出蓝光了！！！！,2008/8/6 0:38,0
5,很酷。,2008/5/1 20:47,0
5,所有的分数给 画面和蒂法 哈哈哈,2010/11/28 0:49,0
5,做的很好！,2010/1/16 4:18,0
4,第一次看最终幻想。。。男主好帅,2010/2/8 10:05,0
5,完全是赢在CG制作…………,2012/1/19 6:51,0
4,这部CG是不错的！最后一战帅爆。。。,2009/4/9 16:36,0
5,一如既往的喜欢，不过很多年前看的了，实在记不住哪里是加长的部分。气死牛顿，秒杀诸神的电影又回来了！,2011/12/1 15:34,0
5,日本人做動畫片還是挺牛逼的,2010/11/16 21:11,0
4,他曾经是我的X幻想对象,2012/9/30 20:57,0
4,fans向,2010/4/7 18:02,0
4,克劳德。。。。口水一下。-3-、尊受。,2008/5/4 12:35,0
5,还可以更美型么,2009/10/13 22:20,0
5,09出了完整版，更灵了~但是为什么是英文的……无语……除完字幕，唱完歌，最后还有一小段，是日文的，但是很容易让人忽略~,2007/11/7 22:36,0
5,画面之唯美,2010/8/18 21:11,0
4,5年前看的。。做得真是好。。。,2011/7/15 23:27,0
4,做得比第一步好多啦,2007/3/6 14:52,0
5,我觉得我每一秒钟都在怀念扎克斯,2010/1/29 9:01,0
4,效果不错，尤其后面那场PK，太炫了~~,2010/11/4 21:37,0
4,这个系列的游戏确实无话可说，从剧情到3D制作无疑都是上上之选。,2011/9/4 0:28,1
4,游戏粉丝都应该支持的作品,2011/3/7 12:56,0
4,好看的CG，精~,2009/8/24 1:00,0
4,帥,2012/4/11 12:46,0
5,1080P画面毫无破绽，SE的CG实力业界顶尖水准！,2009/10/1 21:30,0
5,虽然我能理解“S君下荡妇一样的克劳德或是替Z哥守寡的克劳德或是R痞媳妇般的克劳德或是被路人甲乙丙意淫的克劳德好激动人心啊”但是！萨菲罗斯这闺女才是总受受受受受受受受。,2010/5/16 1:20,0
4,发丝弄得那么飘逸。比美版的好多了。,2012/2/25 12:06,0
5,克劳德，哇，那小女孩叫他名字的声音多少优美啊，赞,2009/10/5 22:25,0
5,够华丽的！,2009/1/11 12:53,0
4,CG动画场景和末日情节启蒙，时隔十几年再次重温，毛20年前的影片现在看依然不输。,2024/4/28 14:35,1
5,我下了十计的版本，简直可以秒杀一切动画了,2011/10/30 2:43,0
4,制作精良啊~~,2010/1/25 20:43,0
4,超究武神霸斩V5 其实只是因为Zack,2010/10/23 21:35,1
5,太帅了。。。。。。。。,2009/7/4 0:32,0
5,老母亲我的班主任放的!高三的时候!那班主任多萌!,2008/2/7 11:55,2
4,画面在当时真是惊煞天人，现在看看也实在是太平滑了，没有质感。剧情其实我一直都不懂，因为我没玩过FF7。但萨菲罗斯着实是帅翻了。,2012/11/29 7:06,0
5,美丽的3d制作,2007/7/12 1:17,0
5,摩托车~蒂法~~,2011/8/7 19:37,0
4,惊叹于CG的伟大,2007/3/18 22:42,0
5,最终幻想的铁杆不要错过,2011/3/29 13:04,0
5,画面粉精细 就是剧情太难懂了 查了FF7攻略才勉强懂,2006/1/25 22:50,0
4,好多帅哥,2010/1/6 13:52,0
5,想了半天还是给个五星吧- -,2013/11/29 23:13,0
5,史上最炫,2008/2/1 19:25,0
5,因为这部电影爱上了finalfantasy！狂拽炫酷叼霸天！,2012/1/3 17:24,0
4,看的是效果，不是剧情，就当你在玩儿游戏就好了,2012/3/12 23:05,0
4,❤ 。韩小绿 2011-05-04 这电影就是养眼用的，你说地球人一个个的都长这么美多好哇。那我就天天出门不宅了~！！！最爱红发了。 【楼上的小盆友韩小绿你已经病入膏肓了】,2014/1/20 17:00,0
5,FF最强音,2010/2/19 16:08,0
4,动画效果无与伦比，可是剧情我不太感兴趣，看来我们注定要形同陌路,2009/2/3 18:47,0
4,画面真的没话说！,2011/4/2 17:47,0
5,经典CG。,2008/7/28 23:19,0
5,就为了这久违的感动，也一定要给满分,2011/7/13 23:34,0
4,以当初的技术来说. 就是巅峰,2011/1/30 22:45,0
5,"CG到这个地步,还能再要求什么呢? 剧情?Whatever...",2009/8/24 16:42,0
4,美型,2006/8/14 15:41,0
4,Valentine极其惊艳,2008/12/16 19:13,0
4,真怀念啊,2009/1/9 16:02,0
4,T,2012/2/16 11:15,1
4,学CG~~~,2011/12/26 18:28,0
4,帅哥当道,2010/4/5 17:51,0
5,做到这份上已经相当不错了！！！,2010/12/25 23:10,0
5,人物太多登场成批……就记住男女主角了。。,2010/5/14 11:37,0
4,小时候看到惊艳得不要不要的，各种炫酷，情节记不太清了，但记得打斗很帅很帅。,2017/3/17 8:12,2
5,爱丽丝最后那一回眸……,2010/10/6 13:22,0
5,神作！,2010/3/13 0:31,0
4,好看过瘾，象游戏一样。,2009/8/30 16:55,0
5,制作的真的很精良。,2010/1/30 14:02,1
5,我爱CLOUD,2008/1/3 15:46,0
5,华丽的画面。,2011/4/29 21:16,0
4,"我也想要那把能抽出小刀的大刀>,<",2006/7/4 22:04,0
4,为了帅哥也要上四星啊,2012/11/2 0:59,0
5,cloud~~~~~~~,2009/1/5 22:11,0
4,画面效果真不错,2011/7/20 22:30,0
4,没玩过游戏，单看剧场版，CG真的做的很漂亮。,2012/4/14 22:12,0
4,圣童降临，胡打一气,2011/2/26 15:36,0
4,克劳德帅翻了,2011/4/6 14:30,0
4,华丽丽,2011/3/4 11:15,0
4,看到那些连游戏都不愿意去玩一下甚至连背景都不愿意了解一下的人在那里说不好看就想吐，我甚至都不知道它们出现在这里的意图是什么……,2024/6/9 11:59,2
4,对于没有玩过游戏，不了解背景故事的我来说，真的是我没看懂，但大受震撼！,2021/6/19 13:27,1
4,s好悲剧，出现一下就死掉了,2010/12/28 21:39,0
4,做得真好,2012/2/12 15:01,0
4,7.9,2012/2/3 23:32,0
5,非常喜欢画面的质感....,2008/5/8 19:45,0
4,虽然没玩过这个，但这个片子也能看的懂，还行,2010/6/12 21:24,0
5,为了曾经端坐在电视机前的青春岁月,2009/4/6 10:04,0
4,妈逼这是一个什么样的建模贴图渲染量。。。,2011/6/15 21:12,0
4,萨菲罗斯好一个冰山攻……,2010/3/6 23:32,0
4,很美,2006/10/1 23:07,0
4,无剧情可言，只注重画面效果和战斗节奏。,2011/12/11 11:45,0
4,ZACKS,2011/10/6 0:11,0
4,ＤＯＸＴＶ,2011/9/3 16:27,0
4,啊~~~克劳德~~~~~~~立刻花痴得晕死过去~ 不是我说为什么人家日本可以把3D的东西做得这么好这么美这么华丽~~ 在ACG方面真的很佩服他们,2008/5/17 11:04,0
4,影像真是没的说！画面和电影里的主人公一样强啊...,2008/11/8 0:10,0
4,完美的人物，完美的打斗，华丽，像梦,2010/8/11 12:48,0
4,雷诺二萌二萌的~,2014/2/2 22:58,0
4,这个CG做的是相当的好啊~,2011/8/24 19:00,0
4,很久以前看过的不太记得了，但是房间里至今还挂着小c超酷的海报。,2010/8/3 15:25,0
5,没看太懂,2009/9/21 20:43,0
4,加一星给FF这牌子,2011/3/14 18:41,0
5,"不是FFFan,但是很喜欢这种细腻的效果",2010/8/1 17:32,0
4,= =美！,2011/2/16 14:36,0
4,最终幻想的经典之作，拍的实在是太美了,2011/4/28 9:52,0
4,克劳德你太帅了。,2012/8/19 12:50,2
4,太华丽了...花痴中...,2010/6/15 23:36,0
4,电视上看的,2011/5/8 19:22,0
4,无他，唯有tifa,2009/5/17 19:48,0
4,满满的都是基情。。。>///<,2009/11/15 15:16,0
5,萨菲罗司出场的那一刻帅呆了！,2006/10/12 10:50,0
5,3D软件满足了一切我对帅哥脸蛋的考量,2010/1/10 13:25,0
4,Cloud也太帅了｡,2012/3/12 21:54,0
5,忽略情节,2010/2/9 12:55,0
4,各种赞！,2011/8/7 15:03,0
5,我就是想要内摩托~,2009/9/4 12:03,0
4,对我等非游戏fans而言推荐画面就够了,2009/5/17 10:32,0
5,萨菲罗斯o(≧v≦)o,2010/10/1 7:33,0
5,画面是帅到么有话讲了.. 剧情嘛..额..,2007/8/29 21:32,0
4,"人物造型場景動作都很美,雖然是動畫",2005/10/25 16:45,0
5,XD 帅男就是好,2010/3/28 21:08,0
4,就是没完过游戏，一开始看不懂……,2009/12/29 19:44,0
4,先看了电影，才开始了FF7的旅程，以至于FF7成了游戏生涯中最漫长也最刻骨的一场爱。,2014/5/8 22:33,0
5,技术没的说,2009/6/6 9:25,0
4,眩暈。,2007/9/12 0:05,0
5,划时代的制作,2010/3/6 1:21,0
4,SE从FF7上看到了赚钱点，不过CG真的很帅！,2010/11/21 15:13,0
5,完整版(也就是重制添加修改),2009/5/1 3:06,0
5,最经典的最终幻想,2014/5/16 2:49,0
5,萨菲罗斯大人！我永远爱你！！,2012/6/15 4:03,1
5,唯美的,2010/4/20 0:06,0
5,哇呜哇呜 克劳德超帅的有木有,2011/8/1 19:40,0
4,画面牛逼啊。,2009/5/31 23:59,0
4,总感觉日本的CG很怪,2012/11/14 20:10,0
5,画的超帅啊。。。。。。,2009/6/24 13:32,0
4,喜欢里面的每一个人。每一个形象~！真的很不错~,2011/3/19 13:54,0
4,画面感觉不错,2009/5/1 15:47,0
5,做的太完美~,2010/12/21 22:31,0
5,噢，克劳德,2009/8/3 13:05,0
4,v,2006/3/7 18:10,0
4,毕竟ff的fans才是最稳定的观众群,2006/1/20 11:38,0
4,《最终幻想7》曾经是我最喜欢的RPG游戏，对于这部电影，只有用无限的感动来形容。同时也是游戏改编电影中的佼佼者。,2012/1/23 11:21,0
4,华丽丽的 最喜欢Ｋａｄａｊ,2010/5/17 16:04,0
4,故事背景和角色间关系必需通关游戏本篇才能看懂，FF7的世界高清还原以及效果炸裂的打戏在十余年过后依然是顶尖级视觉盛宴，粉丝向电影反过来成了吸粉利器也是没谁了。后传故事讲的什么并不重要，能看到心念的角色焕发新面貌逐一登场就非常满足。鲁法斯吐便当还能感召旧部当了回正面角色，神罗虽然作恶但从本篇后期和电影都能看出有担当的一面。艾莉丝和扎克斯在结尾有点钦定官配的意思，可以看作为后来的核心危机做的铺垫。本已坦率的克劳德又恢复孤僻，塑造冷酷形象太过刻意，两年过去了和蒂法还是这么若即若离真恨不得推上一把。,2018/7/28 1:35,1
5,很舒服啊,2011/4/5 19:20,0
4,脸的份上……,2012/8/21 23:18,0
4,水晶幻想,2010/6/18 23:35,0
4,CG很强大,2009/5/1 17:13,0
5,fans向，，不解释,2009/3/6 17:29,0
5,玩过才会有体会。,2007/7/29 13:21,0
5,虚幻如梦。,2011/1/27 17:30,0
5,萨菲罗斯~啪啪啪,2012/2/7 9:55,0
4,忽略剧情，其他都很萌很有爱~,2011/5/30 3:32,0
4,特效,2011/11/24 0:39,0
5,看了很多很多遍之后还是要感慨效果做得真好..,2009/3/4 19:25,0
5,这可是2005年的作品啊（瑟瑟发抖,2019/3/3 19:51,1
5,克劳德~！我的最爱！,2010/4/29 12:08,0
5,为了曾经的FF7，为了我的萨帝归来，一定是五星的！,2010/7/5 14:42,0
4,森川的声带怎么能这么无懈可击_(:з」∠)_,2012/5/22 14:14,1
4,CG和动作场面太华美 剧情真的就可以浮云了...,2011/9/1 10:17,0
4,美型既是王道,2010/5/23 10:46,0
4,看了不得不赞，TMD，日本的动画可以制作的如此精良。,2009/2/7 11:27,0
4,画面做的还真的是精致,2011/12/6 17:26,0
5,把CG发挥到极致的美丽~,2011/11/28 23:28,1
5,好看啊，动画效果真好！,2010/3/26 23:33,0
5,美男集中营。。视觉享受啊,2009/10/18 0:01,0
4,由于不是CP 所以对故事主线比较。。不理解~,2007/1/19 12:56,0
4,"华丽啊,3D制作的巅峰!",2007/11/22 19:43,0
5,差一点儿被海报的杀马特风发型劝退，开始看之后忍不住大呼真香。Cloud一身装扮外加机车都太帅气了吧！画面真实感极强，打斗场面也都很炫酷，看的时候全程屏住呼吸不敢眨眼睛；剧情节奏比较缓慢，但是不拖沓，不过需要对游戏背景有一定了解，否则看起来可能会有一点儿云里雾里。看完后感慨，这部影片对游戏党们而言，一定有更加特殊的感情，因为他们比起普通观影者更了解Aerith和Cloud的故事。至少我看完电影是不敢玩VII了…一方面是不想吃完两人的糖紧接着吃玻璃渣，另一方面是不想再像当初看犬夜叉那样因为三角恋而感到头疼。（我爱Tifa…）,2020/4/12 1:38,2
5,看的是在太早了当年都还没上豆瓣，今天隔壁某抄袭动画上映的时候终于想起十年前的最终幻想，赶紧收藏起来~看看什么叫动画电影~可怜了被抄袭的clamp和fate/写在2024萨菲罗斯克劳德赛高！,2016/10/7 20:41,2
5,这五分都是画面分,2008/6/1 20:14,0
4,萨非罗斯,2007/12/26 23:51,0
5,华丽无比。,2011/3/25 20:24,0
4,只因为这画面才推荐的，游戏嘛，想玩,2009/8/14 19:52,0
5,不放过看FF的任何CG,2007/3/31 11:38,0
5,最帅的克劳德，最美的蒂法O(∩_∩)O哈！,2012/4/26 19:37,1
5,情节基本都忘了，但是仍然记得里面华丽丽的场景啊~~~,2009/8/30 19:56,0
4,片翼的天使~,2010/6/8 19:17,0
4,看了 但是看不懂,2010/12/25 22:16,0
4,银发控长发控的福音萨菲罗斯prpr,2010/1/8 13:41,1
4,画面堪称一流,2012/1/3 14:57,0
4,...说实话..还是没有游戏带劲...,2010/2/4 13:08,0
4,“难道我们，就要输给回忆？”“嗯，我，并不是孤单的。”,2010/12/28 22:09,0
4,sephiros~~~,2010/6/8 19:39,0
4,被震撼到的3D帅哥美女,2009/5/14 9:43,0
4,这种三维电影，居然有剧情了，男主角帅吐啦,2011/1/20 21:24,0
4,冲着克劳德我给四星了。,2011/1/30 19:48,0
5,爆啊！！！！,2010/7/7 22:31,0
4,"看的无字幕版,牛了.",2007/4/11 22:28,0
5,给5星的原因是——CG技术和人物美型程度真的很强大~~在养眼方面没话说。尤其看了全新的完全版ACC，剧情比AC更上了一层楼~,2009/10/26 17:44,0
5,若作为电影真的有点搓。但意义大于一切。,2008/5/21 11:57,0
5,"再现游戏里的点点滴滴,动作够快够炫,爆炸,粒子,竞速,疾病通通都有!!!后来又出的加强版比原版好一些,克劳德终于也从轻松挑翻一个伪萨菲罗斯拯救一群皮肤病少年的大侠，变成了艰难推倒大恶魔萨菲罗斯、拯救了一群绝症少年顺便拯救了世界的英雄——而且顺便用扎克斯的出场来使剧情更为煽情。",2010/2/7 13:39,0
5,谁还没有过中二病啊，话说第一次在电视上看，音轨一时日语一时国语无缝切换真的是吓到我了。。。。顺便再过一万年SE和野村哲也的中二病杀马特小白脸风设计还是很好看orz,2018/11/30 22:10,2
4,其实……我没看太懂剧情……但是！游戏打斗画面都很带感，所以看得也蛮爽。再者，结束歌时的画面真的好美呀,2013/9/8 18:10,0
4,Fans向什么的 都是浮云 冲着声优去的 结果被画面震到了 这可是六年前的东西啊 你妹中国十年后也做不出 不爽,2011/12/7 8:14,0
4,单从技术角度的推荐,2007/11/14 20:43,0
5,我是来看画面的 ，其他的偶不管,2011/2/17 22:17,0
5,打斗场面太华丽了咩！,2010/10/31 0:08,0
4,画面五星，剧情减一星……,2010/3/28 9:22,0
5,夠大氣,2009/9/4 4:31,0
5,我就是NC粉，哈哈！！陆行鸟诶！！！,2009/10/31 12:26,0
4,SE的CG不必说,2010/4/28 13:41,0
5,[最终幻想VII：圣子降临].Final.Fantasy.VII.Advent.Children.Compltet.2005.Bluray.720p.DTS.2Audio.x264-CHD,2009/12/5 17:56,0
4,玩过一半ff7，还算一知半解吧,2011/1/4 22:33,0
4,没玩儿过游戏，但也被震撼……,2010/9/24 21:31,0
5,画面非常之好,2011/10/15 6:18,0
4,CG片总是有它的缺陷，而且大概是因为没看过前传，所以比较看得比较糊涂，但这片制作精良，人物个个都很帅，所以还是挺喜欢的。,2010/3/21 22:10,0
4,画面很不错，可惜表情还是有些木呐；最终幻想的游戏没玩过，系列的片子也看得少，很多不熟悉；大家接力将克劳德扔上天那一段不错，看着很温暖,2010/9/3 14:19,0
5,CG长片的巅峰之作，就是剧情有点弱，还好打过游戏。,2009/5/4 10:39,0
4,不了解游戏的还是不要看吧。。。,2008/7/13 22:24,0
5,哭。。。。。,2012/3/5 20:33,0
4,制作还是相当精良的～,2010/11/16 10:15,0
4,牙黄-1星，高科技+1星,2010/4/18 19:04,0
5,克莱德太帅啦,2010/3/31 20:35,0
4,画面很精致,2010/2/3 9:40,0
5,帅气，腐气满点,2009/10/11 4:17,0
5,再回首。。。。。。,2010/4/15 10:10,0
4,有时候我们要从回忆里走出来，才会知道自己并不是一个人。（啊我决定考完T就玩ff的游戏~）,2008/10/17 23:30,1
3,10年前的CG放到现在仍然秒杀爵迹,2016/12/31 16:35,491
3,电影画面确实很炫。但故事情节似乎有点没看明白。很有必要再看看《最终幻想》其他的系列。,2008/5/6 0:26,59
3,这CG效果，05年的作品啊，看着比《爵迹》好多了。FF粉丝向作品，没玩过其中任何一款游戏，花半小时了解了下故事背景才敢看。节奏太拖沓，剧情应该是FF电影作品里最好的了吧。,2016/12/30 9:04,61
3,看来几天才看完，现在来看，水平真的很一般，但05年看，可能很惊艳，然而剧情很莫名其妙，节奏也很拖沓，人物都很美，然而分不出谁说谁，只能靠发型辨别了。。觉得那个出场过2次第白发小女保镖好帅，全片不停地叫妈妈。。,2016/9/30 16:49,33
3,装13,2009/2/25 19:03,19
3,除了CG还有啥了,2011/5/25 9:08,17
3,对于非fans向而言真的就是一群杀马特飞来飞去的打。。还是双马尾妹子好看,2013/7/7 20:33,14
3,非常粉丝向，非常情怀向。 但是即便毛都没看懂，非原作党也会觉得真的很好看，字面意思上的。 因为技术+用心，se就是这么牛逼。,2016/12/24 4:21,10
3,华美的人物和绚丽的武打为这部动画加了不少分，可是故事的苍白人物的无力依然不被业内看好，再唯美的Tifa在死去的Aerith面前也是悲剧，即使再努力，也救不活Cloud再去爱人的心,2011/9/8 10:15,10
3,除了画面，没什么好看的,2012/7/2 14:21,8
3,看完15王者之剑回来看克劳德，哪怕男主发型非主流，战斗力忽高忽低，05年的片什么我都可以原谅了。三兄弟很帅，全片就像小蝌蚪找麻麻，简直心疼；女主像广末凉子。,2017/3/18 0:35,7
3,虽然现如今对本片的故事印象模糊，但还依稀记得南南那句“人设好酷”的评价。,2013/7/9 23:20,4
3,果然这种片子还是要情怀支撑,2017/4/13 18:27,5
3,早年杀马特装逼典范,2017/6/25 2:27,5
3,CG很棒就是看不懂,2017/2/10 10:42,5
3,"当初第一次看到时候觉得cg好nb，现在回头看众人送克劳德上天那段简直了,蒂法最美毋庸置疑。。。😂😂😂",2017/2/28 14:05,7
3,很久以前听Linkin Park的一首歌是配的这部的剪辑，当时觉得人物好美好帅，今天看完感觉还是适合几分钟的剪辑，两小时实在太长，剧情简单，但是缓慢拖沓,2018/7/8 16:50,3
3,当年当然看过啊~~~,2017/3/13 9:54,2
3,好华丽，可惜票房不理想,2010/1/28 18:27,3
3,杀马特发型，真是。。。。,2017/10/29 19:42,2
3,就…花了两小时领略12年前超前CG技术，没打过游戏感到剧情不知所云（大概本身编剧弱）。考哥内敛低音炮，森久保变态音，作为cv饭也算满足。,2017/2/12 17:10,3
3,粉丝向的作品。动作戏再精彩，看多了也累。剧本烂，对白让人着急。CG还可以，但受不了那一张张整容脸。女主的配音好业余。,2018/10/10 15:21,2
3,为考哥补（结果台词好少啊）。没玩过游戏没看上一部，看的还貌似是完整（拖沓）版，所以虽然有弹幕全程科普，还是时不时懵逼出戏啊。另一个减星点是整体的灰色调，个人不喜啊（省钱？），片尾的蓝天绿地看着才亮眼啊。。。当然啦，叠罗汉上天啦，打斗啦还是有不少亮点。,2016/10/18 22:31,3
3,人也做得太好看了,2018/9/7 22:15,2
3,剧情太不紧凑了，看得我好累,2018/8/19 16:50,2
3,虽然我看不大懂...,2008/11/2 11:12,0
3,从动画自身的意义和所造成的效果来看，我无法给与太高的评价。,2011/1/12 23:58,1
3,用镜头技巧规避了许多高成本。,2009/12/21 22:48,5
3,打斗场面很骚，但是其余部分的表现力感觉一般。当年的CG表情细节实在有限，没看过前因后果感觉就有些赶,2017/4/4 22:28,3
3,我看的是complete完整版，根本与“科幻”无关嘛~尤其是人物面貌太虚即非人，外加故事冗长空洞，只适合游戏设定的演绎，让我无法投入电影中，忍着看完就已是给予尊重了。（如果只对自己的情感负责，只想评2星）,2017/2/9 13:39,2
3,很早的时候看过，就记得带红领巾的那位，很帅~,2017/6/23 17:20,2
3,忘了什么时候看的了,2017/12/30 18:28,2
3,CG做的是真好。不过没看过前作、没玩过游戏的话，并不能看得很爽。,2018/8/7 15:24,2
3,剧情太烂,2016/12/29 21:56,2
3,非游戏玩家根本看不懂剧情，纯粹看脸的我表示男主的颜值在这里面可能倒数了lol,2018/3/19 20:52,2
3,7分，CG的巅峰也就不过如此了吧。,2009/12/26 12:13,0
3,我的天哪都是12年前的了。CG特效真不错👍不过配音有点奇怪，以及没有游戏背景或者前面的北京的话，这部不怎么看得懂,2017/11/12 0:18,2
3,CG,2017/1/22 17:07,2
3,1.13周五晚上看了《最终幻想7:圣子降临》，和其他的系列电影没有联系，是独立故事剧情。 故事发生在游戏剧情结束后的2年，拯救世界英雄克劳德生活在郁郁寡欢中，而”星痕症候群”病也在慢慢蔓延，最终英雄再次振作，和蒂法、其他伙伴一起战胜了白发三人组！,2017/1/21 19:52,2
3,要什么剧情，这CG还不够你看吗,2018/8/20 22:20,2
3,以现在的动画水准来看，人物姿态、表情等细节方面粗糙了点儿。男主那飞舞的大砍刀总让我想起犀牛牌刀片儿！,2016/8/26 20:45,2
3,纯粉丝向，没通关一遍估计完全没办法理解。里面克劳德形象好帅，移动剑阵机车也很酷，再也就没了。整个剧情就是感觉狗尾续貂没事找事，对主线剧情和世界观塑造几乎毫无作用，三小只真的是最无聊的反派，最后还得拉死了无数次还死不了的赛菲罗斯救场。蒂法真的好惨，爱丽丝成神了以后她怎么样都被压一头，而且这部的形象也不好看。可能当年这技术还行，现在看这 cg 也只能说马马虎虎，镜头也就是游戏的感觉，总之就是没打看了一场大型过场动画的感觉吧，其实也挺爽的，要不然还得费劲打打打才能看到剧情。,2024/7/15 21:19,2
3,效果一级棒，情节看不懂。,2017/2/28 20:41,2
3,6.3分，当年AV8看的，后来那网站域名被卖了。后来就再也没上过了。,2017/9/5 23:42,2
3,cg做得好,2017/10/21 11:55,2
3,CG不错,2018/11/18 20:10,2
3,奇怪，回去翻记录我给的评分也是考察级，非常低，我记得7算是FF动画化里面最成功的一部了，起码有剧情有蒂法。再然后有了个重制版，克劳德分剑放大的画面被改不好看了,2017/3/12 12:27,3
3,三星给制作……,2017/12/20 22:25,2
3,3,2017/8/12 6:58,2
3,截止目前看过的唯一一部《最终幻想》，还是在高中时代~,2017/2/25 20:07,2
3,剧情完全不记得了，就只记得动作戏，装深沉，然后又是动作戏……,2016/4/4 12:58,2
3,那麼大的刀舞的多累，你看拆散了就贏了。,2018/11/24 23:33,2
3,闪闪亮的美男子啊。剧情什么的，管他呢,2013/8/21 17:24,0
3,这什么鬼东西，男人都画得跟鬼一样，对白矫情得要死，恶心死了！就是个打怪游戏的广告片啊！,2017/11/6 22:44,2
3,没看懂，只记得蒂法很美……,2018/8/15 22:17,2
3,游戏终究是游戏，什么第九艺术之类的……,2017/8/15 23:43,2
3,因克劳德爱上考哥~重温十年前作品，经费在燃烧~剧情较弱，小祥声音太有辨识度,2017/8/22 12:35,2
3,对我来说剧情都是浮云，我只是来看坂本夫妇的,2017/12/14 20:18,2
3,剧情太弱了，模型好评😊,2016/8/26 22:33,3
3,cg感觉好好，每个人都好好看，就是剧情不是很能理解，男主战斗力忽高忽低,2017/11/19 22:07,2
3,蒂法美腻,2017/9/9 19:19,2
3,CG,2014/7/10 23:54,1
3,情怀之作，但若作为一个独立动画，尚不完整,2018/10/12 17:29,2
3,没看懂……,2017/1/6 23:45,2
3,历代FF里最帅的男主角～吓人的皮肤和毛发,2009/3/2 0:02,3
3,剧情很一般，但是Cloud和Tifa太好看了,2018/7/23 14:37,2
3,粉丝向电影，有些设定背景看不太明白。,2018/3/24 23:36,2
3,稀松平常，，，,2018/10/31 18:29,2
3,没玩过FF7，所以get不到点，只看到了各种中二。,2016/12/17 16:16,2
3,打boss怪的场面很过瘾。但是非游戏迷看得还是比较尬。,2018/9/8 0:21,2
3,这个style的gg我是喜欢的呀~~,2008/3/21 8:18,2
3,画面很棒啊，那个时候的技术就已经可以达到这么好的效果了。不过不太了解游戏，所以看的有点累，不是很懂，多亏有弹幕,2018/3/22 22:18,2
3,剧情的话没有玩过游戏所以觉得很尬 三星完全因为克劳德的颜值 满足了高中时代对男神的一切幻想🤣,2018/6/2 23:14,2
3,AC最关键的是S女王告诉我们他是不会成为回忆的，他必然会以各种各样的方式复活，并将他与片云君那众人皆知的JQ永远继续下去。顺说，SE快妇科FF7吧。,2008/3/20 15:39,2
3,嗯剧情完全没看懂，但画面在05年就这么优秀真的没的说啊。原来人类的最终幻想，就是地球人都长得超美，而且都身手不凡啊,2016/9/27 15:57,3
3,可以说是系列里最好看的一部了，童年回忆，可惜以前只看了一部分，很震撼，因而心中甚是遗憾。现在看了全片，有点遗憾。完整的记忆或许不是那么美好。,2018/8/19 21:26,2
3,技术过时，动作酷炫，剧情不完整，没玩过最终幻想7的基本搞不懂剧情，而且即使了解了背景，故事也是薄弱老套的。,2017/8/25 0:14,2
3,什么时候才能补完游戏本体啊。。。,2016/11/30 22:37,2
3,制作精美，剧情毫无深度,2018/7/20 14:16,2
3,"不是fans,对着一群娘娘腔干瞪眼",2008/3/13 21:58,2
3,杀马特家族内战,2017/7/9 17:42,2
3,讲实话，只能在影院看，没有机器呀~？大哥，这片子的特效~真是牛批,2018/5/22 17:06,2
3,快来看我技术多吊。,2016/10/10 20:36,2
3,cg还行,2018/1/14 14:01,2
3,同人啊,2016/11/22 20:26,2
3,cg很不错，但剧情是真的没看太懂，太宏大的世界观了。不过最后的极鬼剑术暴风式还是很惊艳。,2018/8/5 8:02,3
3,第一次看这种cg电影，动画映入眼帘的第一感觉就是震撼，人物做得非常细腻逼真，剧情背景设定在一个架空的世界，人物关系网络不算复杂，剧情的矛盾冲突也很单一，所以剧情显得有些单薄，有些美国好莱坞式的大片的意味，总得来说，这种电影看得可能就只是一个震撼的画面与音效。,2018/8/31 18:04,2
3,哪好看！！,2016/11/29 22:50,2
3,没玩过游戏的我最多也只能打出三星了，在05年这CG水准应该是逆天了吧，对粉丝来说应该是狂欢盛宴了，可惜我不是。,2018/4/5 14:05,2
3,野岛一成能不能用点心？！就不能把剧本写到及格线水平？,2016/8/27 11:57,2
3,3d制作很精良了，不知道当时砸了多少钱哈哈哈,2018/5/27 1:40,2
3,童年回忆,2016/9/1 2:45,2
3,非FF迷认为还行,2010/11/23 0:32,2
3,原来之前看过啊，居然再看也一点印象都木有…太中二了打来打去也不知道打啥…也就技术上看看美男美女美景了,2010/1/18 22:27,1
3,作为没有玩过游戏的人……我完全不知道在讲什么……但尽管如此，我还是知道剧情实在是拖沓的要命……,2017/6/10 20:44,2
3,不知道背景，看得很辛苦，分了两次来看，大部分时间都是疑惑状态，很拖沓，总看不到剧情。,2012/11/22 22:34,1
3,还是高中时候看的,2016/9/18 16:16,2
3,从当年就没有站对过西皮圣子又被伤害了一遍..........................................其实Z也挺好的啊特别好但是cv太娘了受不了QQAQQ 这么多年之后看S强拆战斗法还是觉得嘤嘤嘤嘤嘤嘤嘤。哦童年QQAQQ。,2014/5/17 17:20,2
3,那头发弄得太帅了，得抹多少杰士派发蜡啊,2010/8/9 16:59,2
3,7分,2016/8/26 12:13,2
3,想必当面看的很震撼,2018/3/14 12:02,2
3,强大的制作,2007/12/22 11:27,2
3,好帅，好飘逸，看到一半没看懂在干嘛，先弃了。。。,2016/10/13 9:41,3
3,CG画面很有质感，配乐也好听，但对于非游戏迷来说，剧情真心看不太懂，几个人一直在找妈妈也是醉了,2018/6/20 19:17,2
3,今天才发觉，原来声优行列里面有伊藤步！已经忘记当年看得感觉是怎么样的了，一群刚发育的毛孩子聚集在一起看这种宏大世界观的东西，怎么可能看出什么来呢。,2011/12/22 18:37,2
3,美型～,2007/8/8 18:40,1
3,这一集虽然画面很不错，但太多打斗场景，而故事线索似乎是不玩游戏的影迷很难拼凑全面。,2012/3/31 20:30,1
3,想起来高中美术课老师放给我们看的= =,2010/12/2 15:42,1
3,人物太多 看的有点晕！！！,2012/11/10 17:29,1
3,很炫的动作设计。日本CG真是把全世界甩在身后啊……,2008/9/8 10:42,1
3,不要管情节了，别虐待自己，看CG就好,2006/10/31 15:27,1
3,原作厨飙泪之作，非原作玩家云里雾里……,2012/1/11 17:34,1
3,这不是续集啊？,2012/3/19 7:57,1
3,人物做得很漂亮。,2016/9/6 22:05,1
3,画面狂华丽，人物狂美型，剧情狂看不懂！不是FF fans的话，文戏就可以不看了，光看一帮人打已经很过瘾了。唯一的遗憾是所有女性角色的打斗画面都比男性角色略显生硬。,2007/9/11 12:31,1
3,华丽丽的制作。。。,2010/6/11 18:52,1
3,打斗场面很精彩,2009/2/9 16:51,1
3,没怎么研究过最终幻想系列 剧情有点混乱 但单论cg技术 到现在我都没看过超过他的,2017/12/28 17:13,2
3,补标，小时候看给迷得不要不要的。现在看真的有点辣眼睛了，粉丝给三星吧,2019/6/2 0:53,1
3,闭着眼睛都高潮了就是因为00呀( # ▽ # ),2010/3/4 8:50,1
3,一般,2007/5/6 0:37,1
3,凶器不错,2010/6/21 19:36,1
3,画面挺好看的，剧情鸡肋,2006/2/9 11:52,1
3,大屏幕下我也能睡,2008/8/13 16:19,1
3,除了几张帅脸，什么都不记得了。,2012/5/16 18:31,1
3,Cloud确实很帅……呜,2010/6/19 22:26,1
3,眼睛真大。,2013/11/3 0:31,1
3,还凑合,2018/1/7 22:00,1
3,听着13在那儿演绎自闭娃看着炫酷的画面还是很宜人的。,2009/7/23 2:08,1
3,2015/6/4,2017/12/21 15:35,1
3,cg是很酷炫的 但是这剧情……这分数会不会高了点,2017/7/5 21:03,1
3,华丽,2009/7/21 17:56,1
3,大热的动画一般不喜。。,2009/1/1 1:10,1
3,第一颗星献给在7年后的现在看起来也还是很酷的画面，第二星献给从游戏里移植过来，总在不经意间就能把我打动的音乐，最后一颗星献给回忆。,2012/8/29 20:22,1
3,效果确实无限好，比那个美国版好多了。。。但是fans向严重。我比较摸不清前后。 话说我好爱好爱Tifa = =。 多么纯粹一姑娘。,2010/1/9 19:17,1
3,core向,2008/12/5 0:52,1
3,年代久远，只记得哑巴男不是哑巴,2009/12/4 20:45,1
3,Difa，真是好听！,2008/10/23 11:41,1
3,（三星不足，兩星略少）劇情不多，就打打打，打打打，還不符合我觀念地打。畫面……同第一部最終幻想一樣，驚人的處於這個時代。09年的產品，大部分還是05年的製作，好多畫面都給我在看真實世界的感覺…… 還是適合給游戯眾看吧……,2011/11/7 0:38,1
3,华丽的画面弥补不了作为电影的失败,2010/6/5 1:08,1
3,画面美不胜收,2008/5/17 19:44,1
3,只是眩目难忘 就已足够,2011/11/11 20:58,0
3,炫特效,2012/6/4 22:20,1
3,喜欢游戏的人不要错过 许多小细节很有趣,2007/8/30 18:39,1
3,纯粹冲着视觉效果过去的，btw，mm很pp,2005/12/9 23:05,1
3,看上去很美,2011/1/20 19:29,1
3,剧情屎屎屎，最后KO也屎屎屎,2019/9/11 16:13,1
3,两分给特效，一分给情怀，不得不说2005年做出这样精致的人物和打斗场面赞到没话说。但是剧情苍白，人物平面，让华丽的外壳都失色了,2017/8/8 17:18,1
3,没想象中好看呐...,2012/8/16 23:49,1
3,画面做的和CG动画一样COOL，剧情TM能不能不要这么拖沓！！为啥每个角色都要发出几声日本女优的哼哼声······女角色也算了，男的搞基啊,2011/5/13 15:39,1
3,特效华丽，帅哥美女,2010/11/16 16:49,1
3,CG电影的确是日本做的棒，我昨天晚上看了一下秦时明月，就无语了。不过这片子的唯一缺点是不能作为独立剧情，如果没有玩过FF7的人就根本不知道这片子再说什么。不过好在FF7作为一个全世界范围内的经典游戏玩过的人还是不计其数的。,2011/12/28 14:14,1
3,就记得画面不错，女主角长得不错……,2010/10/16 21:37,1
3,因为画面太美了，不得不看的,2013/6/17 11:34,1
3,美人,2008/1/28 13:34,1
3,我X 时隔多年之后 才知道这片有两个我爱的声优啊。。。,2009/9/20 22:56,1
3,看帅哥,2011/4/22 21:23,1
3,單純欣賞電腦技術.,2007/10/1 11:08,1
3,CG真华丽，还是不如游戏,2006/11/21 23:58,1
3,现在看技术没那么惊艳了。没玩过FF7，看不出太多内容。,2019/7/28 19:36,2
3,再看就不觉得帅了……,2011/2/10 18:54,1
3,华丽的CG，性感的Tifa，就是太过FANS向。,2009/6/20 23:21,1
3,我纯看画面和看帅哥而已,2012/4/1 20:39,1
3,FF= =+木啥好说的,2011/6/21 21:22,1
3,不懂，但05年cg很叼。,2017/6/29 13:08,1
3,声音画面很细腻~没玩过这游戏的人，比如我，还是体会不太到剧情的魅力~,2011/9/25 2:33,1
3,男人都这么喜欢打打杀杀的哦?,2008/6/15 17:30,1
3,当年看着感觉不错，现在看就一般了，尤其是故事没讲好，还不如以扎克斯为主角呢,2024/9/28 10:00,0
3,画面挺好,2010/1/24 0:41,1
3,看不懂,2017/7/13 20:33,1
3,效果真的很好 剧情就没什么印象了 貌似看不太懂,2012/6/1 19:01,1
3,能再帅一点么。 克劳德！,2010/12/19 0:25,1
3,知名游戏衍生的动画电影， 剧情方面既然是延续游戏， 对像我这样没玩过游戏的人来说， 只能欣赏华丽的CG和精彩的打斗,2007/12/21 22:31,1
3,好帅啊 好酷啊 好靓啊 一样一星 共三星,2013/6/12 22:26,1
3,喜欢Tifa,2010/3/15 1:28,1
3,人物制作的很漂亮,2005/11/20 18:37,1
3,人物帅cry…,2014/4/13 22:44,1
3,迷之剧情，但是很帅,2017/3/14 7:52,1
3,看不明白啊,2016/10/13 17:50,1
3,除了画面，其余基本都是shit....,2010/1/9 0:18,1
3,终于知道什么叫fans向了，真无聊,2007/6/7 13:14,1
3,看完了5年了也没玩游戏……话说我到底为嘛要看这东西,2010/7/17 0:08,1
3,蒂法酱！,2012/4/25 21:07,1
3,不知道其他故事，单独看这个太痛苦了,2008/7/4 17:25,1
3,萨菲罗斯真是帅呆了,2013/9/24 20:57,1
3,萨菲罗斯的翅膀真帅啊，克劳德大招是七剑下天山啊，怎么不拍2了啊，PS被XBOX搞掉了么,2013/7/18 16:39,1
3,没玩过游戏，所以看得一头雾水，但冲着画面和人物蛮漂亮这个事实，还是给3星吧，实话说，真的没看明白，就发现一直在打斗,2011/8/21 15:18,1
3,太帅了，特别是驾着重型机车的样子...口水啊~~~,2008/5/7 22:34,1
3,大板刀来切菜,2012/4/9 13:40,1
3,拍的有点随心所欲，看似有剧情其实几乎没有，分了好多次才勉强看完，实在是有如嚼蜡,2019/6/19 12:09,1
3,那辆摩托车很帅 后来在哪里被山寨过,2010/3/6 19:01,1
3,画面很炫目，只是有点不知所云...,2011/4/23 23:29,1
3,对我这种不是fans的人，这片剩下的只有打斗。,2011/8/2 0:52,1
3,视效音乐精制作 剧情与名词须对FF7系列了解方可理解 略空洞。 FANS向,2009/2/20 0:11,1
3,唯美的人物,2009/12/20 10:56,1
3,05年便有如此质感的渲染，技术上必须满分！只不过让观众大呼过瘾的动作场面在镜头上实在是过于卖弄了，而且是只追求速度与激情而没有技巧的硬核卖弄，各种空间感缺失的虚拟镜头运动和物理冲击感缺失的假“拳拳到肉”作为观众的我始终难以适应，并,2019/9/15 6:02,1
3,我在看风景，望天,2007/5/17 11:55,1
3,打斗很精彩。但是剧情看的不是很懂。,2009/7/26 15:18,1
3,几年了，囧。。。,2009/9/12 23:39,1
3,帅得没话说...不过有些混乱,2010/7/23 0:34,1
3,作为一个没玩过游戏的人的评价。,2010/7/6 9:48,1
3,剧情没懂 只要打得爽 钢琴伴奏下的战斗还是不错的 蒂法的声优太挫,2012/4/16 17:43,1
3,骑着摩托的洗剪吹就屌炸了？嘁~开头好枯燥，后面还行。2013-9-5 （ppstv）,2013/9/5 21:12,1
3,除了CG就没啥了，还有离子烫帅哥,2005/10/29 23:30,1
3,非常令我失望，除了画面,2010/11/17 14:20,1
3,动画的细节做的很好 => 学了maya之后知道这句话的意思就是"动画做的很好",2009/5/10 2:51,1
3,美丽的Tifa,2013/2/13 9:15,1
3,震撼,2009/1/26 16:06,1
3,坦白讲，除了人设真的很帅之外，还真没。。。,2010/1/14 19:02,1
3,纯技术,2006/12/12 3:29,1
3,武打非常棒,2006/3/18 19:53,1
3,又有烧钱的冲动了不如玩一玩吧,2011/7/29 16:53,1
3,7.7，挺好看的，剧情嘛，几乎没有，这点让非游戏玩家没有打下四星的想法。,2021/3/7 18:51,0
3,做的很好，剧情一般,2011/5/30 17:20,1
3,当年把kadaj爱的死去活来……,2014/1/7 17:44,1
3,不管之前的剧情铺垫如何 这一部的剧情都很俗套。,2010/9/5 1:51,1
3,画面做的很好,2007/12/20 12:42,1
3,讲了些什么也没看懂还看得我眼花，还好有帅哥,2009/11/14 23:22,1
3,虽然有很多词汇不懂，但炫丽的特技值得一看。,2008/6/26 12:46,1
3,不知所云，只有补完游戏再看一遍；动画最后的大决战总有赶进度的嫌疑，难道是外包给某正在学3DMAX的大学生做的？而且，完全无视惯性这种东西的存在……,2007/7/2 15:36,1
3,这是一部专为游戏迷拍的影片. 动作虽然绚丽流畅，形式远大于内容。人物在影片里展现的是一个非常脸谱化的形象。,2018/12/14 11:01,1
3,剧情很无聊，画面很华丽,2010/4/26 23:04,1
3,我玩过游戏都看不出激情来，没玩过游戏的怎能喜欢。,2012/9/1 10:47,1
3,还是特效,2010/3/25 15:49,1
3,"优点: 画面太惊艳了.. 缺点: 只有画面惊艳了.. 好吧,我承认FF从来不是我的菜,所以这电影不是拍给我看的",2010/10/9 20:21,1
3,剧情是短板,2016/3/16 18:34,2
3,精美的画面，让人不忍心再看国产动画，情节烂了点感觉,2011/5/6 20:07,1
3,画面确实不错，其他就一般了,2010/3/21 20:29,1
3,懵懵懂懂,2019/7/18 23:08,2
3,没看过连续剧动画，但是电影版看着挺不错的,2008/6/7 23:51,1
3,完全看不懂,2011/9/5 15:25,1
3,小时候看的,2019/7/28 0:13,2
3,记得当年看时还挺喜欢来着，完全版让我看得极其失望，2个多小时的加长非常之无聊，完全没有加的必要。高清版更是让人看清了人设脸上的小麻子，特效也花了唿哨，还是05年版的好些吧。,2011/11/6 19:53,1
3,没打过游戏的我是看不懂的， 猪南希！,2012/3/10 18:18,1
3,还是觉得王者之剑好看些,2016/10/14 21:13,1
3,2008.07,2010/1/19 19:37,1
3,上高中的时候看得打鸡血的片子...总觉得帅哥都CG+3D化了还有什么能更加打动我心- 3-嗨，鸡血而已，年少轻狂的懵懂无知啊。,2010/7/15 19:26,1
3,加长了,2011/5/30 1:16,1
3,嗯…克劳德帅,2016/9/26 1:09,1
3,就看看画面吧,2016/9/16 22:44,1
3,种看过这一部，故事很一般嘛 不过Cloud确实帅,2012/6/25 12:53,1
3,特效真的不错、,2011/3/12 15:08,1
3,感觉剧情一般，但CG做的很不错，人物很日本动漫，金童玉女嘿嘿,2010/3/21 19:19,1
3,日本动画的动作戏总有一种浮于表面的华丽，没有那种欧美系的拳拳到肉的痛快感，不免让人觉得很娘很假···,2013/6/10 21:08,1
3,郁闷.....怎么我就萌不上cloud呢....... 不过真的被Sephiroth这句话杀到了”我在想该送你什么，就送你绝望好了“， 大爱这句话！,2010/11/29 19:01,1
3,史上最强最长的游戏CG,2011/4/22 23:57,1
3,忘记就忘记了,2011/6/28 13:38,1
3,非游戏玩家表示就是个加长版游戏CG，克劳德这装酷的中二病能打败萨菲罗斯，这不科学！！角色魅力而言，扎克斯和萨菲罗斯都比苦瓜脸的克劳斯强，霓虹国的审美真心不太苟同,2010/7/27 10:23,1
3,简直是装逼的极致，野村你他妈太牛逼了,2021/10/4 14:39,0
3,这是对我来说，“营销”非常成功的CG电影，为什么要花两个多小时看它？毕竟是十几年前的电影了，那是因为05，06年上学刚毕业，网吧里非主流少年盛行，只记得刷一会QQ空间，就要刷到那个黄发少年，真的是被各种刷屏，直到今天才知道叫克劳德，当年我怎么就没想起来去看看它呢？有些电影只属于那个年代，过去了就没有那个味了，两个小时的故事我是没看太懂，感觉信息量很大，一个完全架空的世界观，我还以为是类似于《生化危机》的设定，看到“星痕症”我回忆起来十几年前似乎在那个简介里看到过，其他的我真的是看了个寂寞，只能说人物打斗部分确实有够“动作”！我也是有够无聊！,2022/1/6 15:42,0
3,人设很棒、不过因为没玩过游戏所以根本不知道他在说啥。ZC。,2009/12/28 20:25,1
3,Zack赛高，其他真心都是浮云。,2012/9/10 21:13,1
3,TIFA~~就CG好看……,2011/1/11 22:58,1
3,精良制作+普通剧情+腐,2011/6/1 0:12,1
3,看不懂,2019/6/13 18:02,1
3,zacks,2008/5/13 15:07,1
3,不是粉丝,2009/12/11 13:19,1
3,不好看呐~,2008/11/12 19:23,1
3,我是谁我在哪里我要干什么的疑问三连又来了,2019/7/16 7:09,2
3,商業還是不商業呢？...反正沒明白...,2010/4/3 21:10,1
3,玩过FF7么？当是就为了这么个东西买了psp，，，,2008/2/1 19:08,1
3,没玩过游戏 也就看了这一步 总觉得好假 都不死的···,2013/6/27 22:37,1
3,不玩游戏，这个系列仅看过这一集..对剧情无感，人物和场景的建模还不错，面部表情差了些..CG时代，总觉离中国有些遥远...,2012/1/2 23:21,1
3,人长得很漂亮。,2008/8/24 11:53,1
3,一群美人，咦，剧情是什么？,2012/3/1 21:45,1
3,TIFA姐姐真好玩，完……,2009/12/23 13:02,1
3,原本想四星 但是剧情看不懂 ~~~ 打斗精彩 ~~~,2012/11/19 20:26,1
3,技术流！,2013/1/18 12:08,1
3,除了画面就没了。。,2011/4/5 11:21,1
3,虽然战斗戏份很帅，但是很明显已经多到让人审美疲劳了。可以把最后的打斗压缩到二十分钟，或者是让动作戏份不要那么密集？我觉得前面一个小时的节奏是非常好的。,2022/10/3 9:45,0
3,说实话，看不来这种故事叙述方式，可能不是游戏党无法共鸣。我就是纯纯的胃了tifa来的。,2017/1/29 0:47,1
3,杀马特幻想,2019/6/21 11:50,1
3,n久n久的回忆,2019/7/14 11:56,2
3,当年非常非常火，为了看明白这片还去补了FF7相关剧情，就一部电影来说，完成度也就那样吧。,2019/7/11 2:25,2
3,只是感觉画面很华丽，打斗很激烈，故事情节反倒没那么吸引我。,2016/6/2 18:45,2
3,不了解背景，没看懂情节。画面不错,2010/6/16 12:56,1
3,没什么剧情，但太美了。,2010/1/6 0:17,1
3,扎克斯情结,2013/1/23 16:18,1
3,除了克勞德什麼都不記得了,2012/1/2 11:12,1
3,高中的时候很喜欢=ω=现在因为声控了 又看一遍...果然不太喜欢这样的设定呢...但是声音和人物美型啊~~尤其是蒂法百合花里战斗那场~~~尤菲如月也好喜欢=ω=,2011/6/18 13:49,1
3,画面真好,2010/2/26 22:33,1
3,满世界的美少年，对男猪脚无感。,2011/6/18 17:23,1
3,就是打打打 没啥剧情 不过光特效就够了,2016/9/17 1:23,1
3,CG确实不错！Fans向，沒看過前作，故無感。,2011/10/18 14:34,1
3,一般般啦。。。,2010/12/20 19:24,1
3,画面相当不错,2006/1/24 21:22,1
3,几年前看过但情节全忘了，本想再回顾一遍，结果才一小半就看不下去了，太扯了！动画制作得即使再精良也还是需要符合逻辑的故事情节作支撑啊。,2016/4/27 14:09,2
3,高清,2009/6/28 19:20,1
3,说实话我没看懂。真的。。。,2010/3/8 22:58,1
3,说实话，起码两颗星给的制作。我看不懂剧情。,2010/3/5 19:31,1
3,閃得太厲害,2007/4/6 0:10,1
3,真心无感……,2013/5/26 6:09,1
3,倒着看的。。,2007/8/1 23:21,1
3,偶像派 满足了青春时期对帅哥的幻想,2012/3/1 23:37,1
3,飘逸的男淫。,2011/7/29 23:55,1
3,其實是偽Sci-Fi啦~故弄玄虛的東西，當然了，很漂亮,2008/3/26 1:11,1
3,只记得摩托车很流逼。,2013/2/19 3:15,1
3,画面做得很棒，但故事在讲什么？,2016/7/10 12:51,2
3,这种非主流低幼片。,2011/7/9 15:18,1
3,对于没有玩过ff7的人来讲是完全看不懂的，惭愧。,2011/10/4 22:08,1
3,剧情不了解这个电影很难融入进去，话说我只玩过最终幻想Ⅲ、Ⅳ、Ⅷ、ⅩⅡ、水晶编年史。,2011/11/1 11:46,1
3,纯观赏画面了,2012/5/31 11:11,1
3,大一上学期看的,2008/7/17 1:59,1
3,女主角无比漂亮，画面质感无比强烈，剧情无比幼稚,2009/6/1 11:32,1
3,太fans向了,2016/6/12 18:40,2
3,装13装的太帅了！！尼玛cloud帅爆了！！！！,2012/1/30 13:37,1
3,记得中学美术课本上都介绍了这电影，这cg效果确实是不错，但是你如果没玩过游戏，或者没看过前几部，你就根本不知道这剧情讲什么了,2013/5/10 2:37,1
3,蒂法😭我的耶路撒冷,2022/9/29 23:03,0
3,三星给帅哥美女,2019/9/12 21:26,1
3,看过就算，太爱的人是脑残,2009/3/15 16:45,1
3,是被剧照里美丽的tifa jj还有万人迷克劳德吸引才看的。 过于炫，有些不知所云。。。本来只想给两星，如今这第三颗星就算是献给帅哥美女的吧,2009/2/21 19:54,1
3,纯CG，大一时在老潇的PSP上看的，效果倍儿棒，后来他PSP遗留火车上了,2012/6/3 9:20,1
3,"木有玩过ff7,看不懂。",2011/12/27 11:40,1
3,由于之前的从来没有看过，看不太懂,2016/4/2 23:34,2
3,我爱那把刀哈哈哈哈,2012/7/22 11:41,1
3,算是唯一一次看過種電玩的電影..還滿新鮮的.特效也不錯.不過劇情就還好!,2009/10/7 16:13,1
3,剧情已经完全不记得了，这种架空（胡编）的世界观根本无法自圆其说，就是提法打斗那一段还有印象,2019/8/23 23:41,0
3,画面不错 看完就忘,2008/7/18 10:44,1
3,单纯冲着CV去的，我承认FF系列越来越精致，但还是喜欢早期,2011/10/30 1:59,1
3,漫威在各种意义上都是玩剩下的呀。,2024/7/20 16:42,0
3,我没看懂，真没看懂,2010/1/28 22:58,1
3,~~~俊俏的reno,2009/10/7 16:14,1
3,个人不太喜欢这个世界观，可能因为我不是fans吧,2011/10/2 21:09,1
3,为嘛评分那么高啊真心不觉得怎么好看,2011/8/2 14:03,1
3,没玩过《最终幻想》果然看起来比较吃力，只能大概了解剧情。不过这画质真的就是CG级别的，场面壮观，打斗华丽，又有哪部动画能制作如此精细，真的是很用心献给fans的作品。,2013/6/15 14:16,1
3,"看得最艰难的一次.中断三次,花了一个月才有机会看完",2006/1/10 17:29,1
3,人物美型，剧情吐槽,2016/3/30 15:18,2
3,看了3天才看完，剧情真的让人昏昏欲睡，唯一能吹的特效和动画现在看来也就一般，打斗动作确实是那个时代的顶流，但是我总不能看到一辆100年前的美国造摩托车还要说，牛逼啊（我又不是100年前的国人）,2023/4/23 10:36,0
3,只记住了萨菲罗斯,2019/7/15 21:57,2
3,特效画面和配乐都很出色，不过对于没玩过游戏的观众来说，剧情有点难懂,2016/4/20 8:59,1
3,效果很炫，人物很美型，剧情很烂,2010/12/29 20:37,1
3,我只坚持了20分钟，华丽虽华丽，但剧情在哪里？,2013/7/6 8:44,1
3,又是一部过场动画电影。,2016/11/7 14:43,1
3,印象中，就是一群非主流很炫很炫的打来打去，在10年前算是很好的游戏CG。,2016/9/8 22:11,1
3,这部动画电影的特效和人物造型做的相当的了不起啊，一个个都是那么的英俊唯美，但故事剧情就稍微有点难懂额，有必要看看其他几部或者玩玩游戏了。,2012/6/27 12:12,1
3,05年的东西，就没什么可强求了,2017/3/12 12:22,1
3,太笨了 看不懂。。。画面赞一个,2008/10/30 1:35,1
3,打斗美，蒂法美，没了,2022/4/7 19:29,0
3,可能是没玩过游戏的关系吧,2010/4/20 11:44,1
3,很做作，畫面還不錯，人設也不錯，但是都有點做作了。劇情沒有中國奇幻那麼幼稚，但也沒有甚麼說得上好的地方。,2009/9/16 2:53,1
3,耍酷就俩字。,2010/3/10 0:23,1
3,#NAME?,2008/8/28 21:08,1
3,三星全部给画面,2013/8/24 0:18,1
3,剧情很弱。。画面不错。。。,2009/5/17 13:42,1
3,queering Nomura,2021/10/10 22:49,0
3,现在看就比较落后了 ⊙ω⊙,2019/5/30 20:55,0
3,最终装逼、杀马特幻想。我是伴随主机一路走来的迷友。这片子也没什么看不懂的。我就是不明白，这样装有意思吗？片子也没什么正经的剧情，照这个套路，FF7可以拍一百年... ...好吧，CG是不错... ...不过RPG我只认《女神侧身像》,2016/10/18 22:20,1
3,最爱tifa,2009/5/10 12:10,1
3,不是很喜欢这类型的，虽然同学都强力推荐,2011/12/16 20:20,1
3,没玩过游戏的估计不知道在说什么,2009/12/18 21:10,1
3,看老公打过这个游戏，也给他一起看过电影。二刷。说实话，没什么感觉。,2023/5/28 10:34,0
3,蒂法好帅,2014/10/19 20:38,1
3,克劳德帅锅,2012/10/18 19:50,1
3,冲着CG去看的,2009/10/5 15:07,1
3,除了画面，没有能对得起最终幻想名号的地方……,2010/5/14 18:38,1
3,N年前觉得大妈你谁啊，N年后觉得爱丽丝真是美若天仙，我的审美的而且确的发生了变化,2012/5/10 22:05,1
3,补,2022/5/7 21:38,0
3,CG一流，剧情没看懂……果然是没玩过游戏的人的宿命,2011/1/13 20:57,1
3,画面很美好~声优很美好~克劳德很帅~~但我心目中扎克斯才是第一~果然游戏版的结局才最有爱啊~,2011/8/31 20:27,1
3,这一部很无聊，打斗场面占了大部分，CG女主还真是性感，哈哈，技术肯定上乘，不过故事没意思。主角的胜利总是要靠信念，不然实力再大也发挥不出来，打败英雄的总是自己。,2017/3/29 16:36,1
3,稀里糊涂的就看完了。。。有剧情吗。。。,2013/6/5 0:59,1
3,一次不错的尝试。,2014/4/7 20:03,1
3,日本人的动画做的真牛拜。相对剧情我更喜欢设计,2011/9/13 13:23,1
3,男主好帅！！！！,2012/4/22 0:07,1
3,なんやかんや的在电视上又看了一遍，这次观后感是：想给除了光头墨镜哥以外所有人一人发一个发箍！全员！说真的你们不捉急么！！没有前髪世界是不会毁灭的真的！！,2012/3/27 1:55,1
3,kadaj是美人,2009/10/7 16:35,1
3,被逼着看的,2024/1/25 5:50,0
3,FF7经典的传承，洒狗血咯...,2009/1/8 15:07,1
3,装精比赛```,2010/1/2 14:46,1
3,中二装X时期的神作……现在看来也很厉害。,2020/4/30 5:22,0
3,效果+MAX！但是剧情没有玩过游戏就只能悲剧了,2010/12/12 20:29,1
3,那个时候全看画面去了，然而好像也只有画面（补mack）,2015/7/19 23:10,1
3,其实当年看得无聊，还是喜欢8的故事,2019/7/13 22:39,2
3,陪我哥看到……,2019/7/7 17:52,2
3,我Takki,2018/5/21 11:49,2
3,cg和人物造型美得没话说。剧情很渣 主角就会耍帅摆pose，性格绝对脑残,2010/9/7 14:35,0
3,还是预告好看 总觉得故事主线索特散,2011/6/27 10:36,0
3,做这么长的CG不容易，非FF7粉比较难理解故事背景，反正我觉得那个妈妈控很恶心。,2014/1/3 22:11,0
3,剧情渣渣，但实在太酷炫惹,2015/5/7 22:46,0
3,ㄗs隻昰突然峟些難ɡūoっdＩ毬褓護卟暸っ隻螚蚆dＩ毬塟♥愛ღoО,2013/11/30 21:56,0
3,3星都给在画面上的,2009/2/8 12:10,0
3,三颗星都给赛菲罗斯,2010/4/15 15:49,0
3,很多镜头因为过快 而看不清 有些剧情 感觉没有解释到位,2011/11/19 7:03,0
3,我觉得里面的蒂法好赞啊，完美女性啊~~~~~~~,2011/2/15 8:44,0
3,3.3,2012/9/21 22:00,0
3,CG确实很厉害，尤其是那一丝一丝飘来飘去的头发，不过看上去就是能动的SD娃娃。剧情可以直接无视掉。,2012/6/16 11:02,0
3,萌Genesis,2009/10/6 9:55,0
3,全ての運命には、語るべき理由がある。だから、彼らは帰って来た,2009/1/18 12:23,0
3,男主完美透！,2011/9/29 0:31,0
3,打完FF7R过来补电影，抛开05年惊为天人的CG，剧情真是尬到没边了，我还是去补原版FF7和CC吧，想见爱丽丝想到发疯。,2020/4/30 22:23,0
3,...眩目.也就那样,2010/12/22 17:30,0
3,老片 当时拍摄成这样不错了,2014/9/7 8:27,0
3,当年3D建模和渲染的最高点，视效很惊艳。,2017/10/2 22:55,0
3,没看懂。,2011/10/19 0:14,0
3,片长可以砍一半啊，CG逼真的厉害,2015/12/6 23:34,0
3,全是黄金比例无死角美人儿,2012/3/17 17:40,0
3,剧情一般 2011.6.23,2011/7/15 12:14,0
3,13年中国动画也已到达这个水平，中国落后8年。,2016/4/29 1:48,0
3,（70/100）,2021/9/28 21:06,0
3,最好的3D动漫，特效华丽，动作流畅。,2013/7/13 8:38,0
1,我就想看个电影，还得学一套世界观回来，我累不？故弄玄虚的东西啊。对于一下Final Fantasy: The Spirits Within，这里几乎每个男主的皮肤都能把那边的女主爆出几条街来。,2012/12/16 16:39,25
2,画面华丽 内容空洞 是拍给玩过FF7游戏，喜欢FF7游戏的人看的,2008/9/21 20:18,30
2,无话可说。。。。。粉丝向电影,2018/6/11 6:47,10
2,crap,2012/10/1 18:26,7
2,只是技术和帅哥，非游戏爱好者勿浪费时间。,2009/2/26 4:44,8
2,混乱，画面流畅度严重不足，乱切镜头晃得我头晕。,2013/7/16 13:15,8
2,他们有着同一张脸。,2009/6/2 17:14,9
2,相对于灵魂深处那一部的深邃感，这一部根本就是小孩子过家家式的剧情，非常失望。,2014/5/31 14:59,5
1,没有灵魂,2009/4/30 23:56,6
2,酷炫华丽，不知所云,2015/6/8 18:11,6
2,可能游戏迷觉得好吧……作为一个没玩过原作的人表示相当理解不能。,2011/9/11 23:52,6
2,"牛逼的CG,仅此而已",2011/12/16 10:05,6
1,无剧情,2015/11/25 13:20,6
2,tifa再好看也救不了这片,2018/2/27 22:52,5
2,可能是没玩过游戏的原因，看了几次也看不进去，只能从一半的时候看，看到了结束，比第一集差远了，总之不知所云,2012/10/8 20:57,5
2,都说画面眩，打斗场面好。完全没看出来啊,2012/11/4 13:22,6
2,3月10日,2011/6/2 0:45,5
2,估计是情怀作？经费爆炸,2010/2/13 19:35,3
2,除了完美CG动画和满足FF迷的游戏情节之外，本片实在一无是处。,2011/11/19 15:52,5
2,做游戏就行了,2016/2/25 15:53,4
2,不是最终幻想的粉丝，所以没有什么感动，就是看cg的电影。,2016/6/18 19:18,3
1,看了好几次，不知讲什么，是我智商不行吗？,2016/8/30 0:17,4
1,狗血 僵硬 不容直视,2013/6/5 9:55,4
2,唉。。 特别无聊,2009/4/11 22:08,4
2,如果是以前刚上初中的少年大概会喜欢这个电影，可能也不会。,2019/2/1 15:44,3
1,游戏迷们专属吧，对于FF7的粉丝而言分数偏低了,2016/3/18 15:04,3
2,日本人的精神世界啊扶额,2013/12/14 22:12,3
2,没有玩过游戏了解过故事的前提观影体验是真的差，莫名其妙的故事与剪辑,2019/12/15 10:52,3
2,年纪大了看不了这种中二的东西了(樱井的声音的确好听),2013/7/24 22:07,3
2,一直以为最终幻想是米国的，这才知道是日本的。这是一个交代了故事背景Life Stream啊神罗啊J啥啥大反派化为意念神马的之后，消除星痕传染病、治愈受感染儿童的故事。男主是我不喜欢的忧郁青年。,2013/8/21 22:41,3
2,3,2016/4/4 11:54,3
2,只看懂了CG,2011/5/18 5:17,3
2,看不下去啊,2005/12/19 0:50,3
2,中二。,2017/11/5 2:11,3
1,这他妈都能上8分？ 现在看来没效果没剧情。。。。 难道FF迷真有这么多？ 抱歉。我不玩最终幻想。,2011/4/8 9:39,5
2,我不该看的，老了,2010/3/31 13:45,3
2,蒂法是亮点,2011/5/25 9:58,3
2,果然不太爱这类...,2009/5/26 15:01,3
2,对于我这种没玩过游戏的，这就是个废片啊，，尼玛日本动漫传统套路加在这种欧美风的制作真的大丈夫吗，，==，，全是华丽丽的CG，有意思吗,2013/4/3 15:20,3
1,算了，以后不看日本动画电影了,2012/6/6 15:33,3
2,画面够美,2015/11/26 9:43,3
1,主角光环的意思就是克劳德被我萨菲罗斯连捅带砍了几十刀以后照样能爬起来出大绝招随便挥两下刀就把我等了一个半小时35秒才出现的萨菲罗斯大人又封印了顺便把卡丹裘三个思念品一起毁灭了，这么多年希望克劳德去死的愿望到世界末日也实现不了了。一颗星差评！！！,2012/11/27 19:22,3
2,最装逼的CG电影，没有之一！,2013/10/27 17:48,3
2,除了克劳德的脸还有啥！还有啥！,2018/12/26 22:11,3
1,这二得一逼的电影，除了炫技一无是处,2016/9/8 21:50,9
2,竟然没有看懂,2010/2/12 23:18,3
2,不知所云！,2010/8/13 20:10,3
2,这破玩意真心没觉得那里好看~,2012/11/25 22:16,3
1,看得难受，打得什么玩意儿。。。,2017/8/12 21:52,4
2,Tina给两分,2017/1/13 0:07,3
2,三分之二都是打斗场，剧情好糟糕囧,2007/8/13 3:42,3
2,作为一部电影来说，故事没讲清楚,2011/10/21 16:55,3
2,背景纹理太粗导致模型感重，角色动作无重力感，男性下巴嘴唇线条太圆润显得很娘，所有人眼珠子大得像戴了美瞳。技术差没事，态度差没治——5分钟还没跑干净的避难人群其实你们是在绕圈儿围观吧？双摩托反向并行时短发人造人你那逆风飞舞的不是头发是钢筋吧！最后发现CAST长达11分钟我简直欣喜若狂。,2016/4/16 12:49,3
2,不行，没法看懂,2020/2/23 1:20,2
2,04年的最终流放，05年的圣子降临。这些片子不光是一部作品，更是CG时代开始的里程碑。打斗很不错但剧情我觉得一般。,2014/8/21 16:06,3
2,作为一个对游戏完全不了解，也不感冒的人来说。这个电影简直令人犯困啊,2012/1/3 13:23,3
2,两分给特效和动画制作。,2012/4/13 16:17,3
2,2016/3/24,2017/10/26 5:18,3
1,这编剧，太弱智了吧！！！,2019/2/9 12:17,3
2,看完整个人都不好了,2020/1/29 21:33,3
2,动作花哨却不真实，squ-ix除了装13还能有点别的么,2009/11/11 13:32,3
2,看完王者之剑再回来看这部就觉得不够看了,2016/12/5 13:48,3
2,王菲的那首英文歌,2012/4/12 15:47,3
2,只记得教堂中四处飘零的百合,2012/12/15 18:08,3
1,好难看啊！,2010/3/14 15:27,3
2,无聊屎了,2012/6/16 20:28,3
2,基本上，不如蜡笔小新好看~~~,2006/8/2 19:26,3
1,跟7比起来15在技术上有明显的进步，人物和场景更加细致，更具有实体感。7的剧情对非玩家太不友好了，看了半天才明白人物关系，15虽然毫无逻辑但好歹勉强讲了个故事，7都特么是什么鬼。15是游戏宣传片，7就特么是个游戏吧，wtf,2017/3/5 23:53,4
2,三中的内部资源上比较流行的一部CG电影，三年来多次被翻出来看，每次都没看完……如果考虑全部看完的话，大概看了两年多吧……,2009/4/9 23:47,3
2,一颗星给硬核技术，一颗星给概念设定……其他的……没法评价……,2019/7/25 23:12,3
2,这我好想是高一时候看的，那时候特别想玩FF7，可惜没玩成。这电影的情节真的挺莫名其妙的。,2011/10/6 19:14,3
2,画面马马虎虎，剧情呵呵。,2014/10/19 10:06,3
2,玩命的煽情装13。外加日式动漫一贯不好好说人话的脑残对白。,2015/6/15 2:33,3
2,这特效放现在不评价。但是这电影剧情实在是我擦！！除了女主角。。。,2014/9/19 16:03,3
2,没有打很差的原因是它制作得不错,2011/3/11 17:03,3
2,其实是个悲剧，14还是15的时候，很迷了一阵子，悲剧,2011/3/3 3:46,3
1,这就是个垃圾 一群HOT耍帅,2016/9/11 18:45,4
2,是我的不对吗！是看英文版的我不对吗！！！难看死了！！！剧情慢死了！！！为毛迅雷上的是英文版啊！！！最终幻想系列在我的生命中因为这部而终止了！真的想给一颗星的！！！,2012/4/5 1:25,3
2,不知道为什么硬盘里会存着这么一部片子，故事太不感兴趣了……,2019/7/30 18:35,3
2,感觉没深度，尤其是主角好装b,2013/1/18 0:44,3
2,，技术水平先锋，舔屏专用，cp全面开花，不用带脑看,2019/6/16 3:16,3
2,画面不错，但是剧情就不是太出色。,2007/1/31 0:05,3
2,总觉得怪怪的！,2010/2/4 16:08,3
2,效果挺好，剧情狗血,2013/9/13 23:14,3
1,竟然真的是日本人拍的，那还全英语，哈巴狗，游戏动画风格,2015/8/7 15:30,3
2,首先我没有入最终的坑，所以只感觉剧情太太拖沓,2019/4/14 17:14,4
2,虽然制作是真的不错，但莫名奇妙的剧情和对白着实看得我一脸懵逼，可能这就是粉丝向吧,2019/6/30 11:36,4
2,史·艾变聪明了，相见不如怀念。,2005/10/3 1:38,3
2,看了两遍，真心没有看懂=。=,2011/7/31 17:39,3
2,编剧功力太差，十五岁以下看还行,2014/8/29 23:38,3
1,好无聊……眼花头晕莫名其妙……,2012/12/20 17:07,3
2,实话说 真的看不懂剧情。。。,2016/12/3 18:06,3
2,克劳德太娘什么的都可过往不咎，只想说卡达裘你他妈正常点儿会死啊？头发永远撩不起来还不去剪剪是要闹哪样！？,2016/12/24 22:24,3
1,反正怎么打都不死，搞那么炫干什么,2013/8/24 0:34,3
2,看不懂 怪我,2008/3/22 20:21,3
2,2颗星都是为了效果打的，这么多年再看，模型，画面，特效，都非常棒，不输现在才出的动画。但是也许是因为游戏改编，剧情太弱，节奏缓慢，没有什么好的故事线，硬打斗。看下来真的纯粹因为画面人物好看。当然，如果有最终幻想情节的人感受就不同了，比如我家另一位，就觉得电影很好。,2020/5/8 0:35,4
2,剧情真是尬。最后的打斗莫名找回看风云的感觉。顺便重制版蒂法的裙子真短,2020/4/28 20:12,3
2,第一次看日本拍的这种3D风格的动画。应该说至少从改编的动画来看，用了MS复杂的设定下讲了一个简单的道理：人的迷茫与振作。如果不是听着日语，我绝对不会想到这是日本的作品，此片充满了美国大片的味道，非常不理想。,2014/6/2 7:50,3
2,画面真的非常棒。很漂亮很惊人。其余就很让人吐血。,2010/10/27 0:23,3
2,矫情 ★★,2013/7/26 14:28,3
2,挺好的技术，让配音毁了,2011/9/10 0:04,3
2,我不是FANS，所以看这个片有点莫名其妙。,2008/5/25 13:45,3
2,可能因为没有玩过，勉强地看完了。,2018/7/11 22:30,3
2,记忆中的电影,2018/1/25 14:49,3
2,很帅很有型，不过我不是花痴不好这味，为了女主角而给的星星,2011/9/21 22:44,3
2,有一分是给sony images的,2012/3/28 1:48,3
1,七你妹,2014/6/28 1:48,3
2,英语配音简直垃圾，各种打而不死的小强，剧情人设也很垃圾，比15差远了,2017/3/21 6:47,3
2,一味耍酷，毫无燃点。,2015/4/9 15:05,3
2,就看克劳德这家伙耍帅了= =，妈的丫居然从头到尾都没见红！,2010/11/14 17:41,3
1,最不喜欢动画片 尤其不喜欢日本动画片,2014/6/9 11:33,3
1,萨菲罗斯 你那么帅 对得起玩家吗,2014/4/22 15:25,3
2,比想象中烂多了……什么东西……配音也不怎么样,2014/12/30 12:49,3
2,也就只剩华丽了……,2012/9/3 11:49,3
2,剧情好弱,2015/1/2 14:20,3
2,除了人物能做出点吸引人的东西吗？,2012/7/23 10:27,3
2,算是奥特曼打小怪兽么？,2011/11/25 19:12,4
2,剧情简单，犹如网络小说中打怪升级，人物美学充满了各种杀马特,2017/5/21 18:14,3
2,杀马特,2017/9/23 15:12,3
2,cloud是帅 然后呢,2009/10/11 0:33,3
2,现在有点不算很喜欢这种东西了，不知道怎么说。不太喜欢这种特效，剧情也很烂。,2012/12/11 0:38,3
2,除了炫，还是炫。,2010/4/3 23:42,3
2,什么破剧情！,2011/5/4 12:17,3
2,这个就是个特效片 的确当年这个特效惊为天人了,2015/7/21 3:47,3
1,没看懂，配乐差评，剧情拖拉。还是打游戏吧。,2016/11/15 15:29,4
2,3D就是帅啊 剧情不重要 就是后面刀光剑影的都看不清帅哥的脸了【泥垢,2013/3/6 22:39,3
1,2012.9.23：不是fans，不知所云，也没耐心烦。,2012/9/24 21:45,3
2,景色啥的还好，人还是演员的好，CG的没表情啊- -剧情一般，也许是我没玩游戏，没看原来的作品的缘故？,2009/6/28 8:01,3
2,洗剪吹拯救世界,2013/9/19 22:06,3
2,看不懂,2015/2/6 20:37,3
2,烂的要死,2012/9/10 12:47,3
1,决定远离二次元世界…,2016/11/29 22:27,5
2,无聊的剧情，还这么长，也就动作能看了吧,2016/3/1 18:10,3
2,对于不是fan的人来说……并不算精彩,2017/1/8 13:48,3
2,我看过，瞌睡！,2015/5/8 14:32,3
2,在讲什么= =,2010/7/13 21:09,3
2,好神奇，竟然这么高评分。。。枯燥乏味的剧情，脸谱化的人物，毫无重量感的动画，剑像塑料一样，摩托比自行车还轻。,2013/7/27 17:07,3
2,05年的片现在重新看，简直惨不忍睹，玩技术终将被技术玩，好好讲故事才是王道！,2013/9/3 22:04,3
1,虽然是三维，虽然人物模型很美，表情很生动。但实在不喜欢剧中死寂压抑的氛围，人物也显得死气沉沉。一星给人物建模,2016/1/16 15:24,3
2,剧情真的是很随意，想怎么地就怎么滴,2018/1/3 17:37,3
2,剧情来说三星嫌多。,2016/12/3 10:21,3
1,狗尾续貂的FF7补完系列，野村彻底把FF7变成了滥俗偶像的代名词。,2012/1/25 18:01,5
2,完全不知道有什么意思,2013/11/22 21:56,3
2,cloud 你背那么大的剑不沉吗，2颗星都是给CG的。剧情还是回FF7里看吧,2014/7/16 11:32,3
2,看CG,2015/12/23 22:13,3
2,看过第15部，回头看很多人夸的第7部。中二病泛滥，情节不知所云，七龙珠式的打斗。当年倭奴把大家欣赏水平都拉到沟里去了？,2018/4/2 0:26,3
2,。。,2013/8/2 16:29,3
1,垃圾中的垃圾,2008/11/5 20:21,3
2,除了动作酷炫其他没看懂,2018/2/16 22:14,3
2,不知道能不能算看过——看了不够一个小时，因为觉得实在是太太太太无聊了差点睡着了所以果断不看了，在我看来除了外观好看外一无是处了……可能是由于我没看过前面几部，也可能是因为我没看完，或者可能是看的时候太过疲倦，反正我的观点极有可能是非常不客观的= =,2011/5/23 21:25,3
2,特效牛，动作炫酷。,2016/5/10 17:52,2
1,"死ね野村哲也,死ね死ね死ね死ね死ね死ね死ね死ね",2006/4/1 15:54,3
1,无意冒犯，太垃圾……,2010/11/15 15:51,3
2,这不是电影专场么，分这么高不科学,2013/9/21 23:23,3
2,耍酷,2020/5/8 23:15,2
2,真他妈慢死我了。。,2010/4/19 3:14,3
2,除了CG还有什么？,2015/5/30 0:40,3
2,画面2星，情节硬伤~,2014/12/15 20:58,3
2,【4.0】除了cg放在现在也相当牛逼，以及打斗场面还算酷炫以外，和其他自以为是的烂片没有区别。有趣的是这部cg电影却格外的“狂”，也不知道哪里来的底气，可能是仗着游戏原作风靡全球的原因吧，但是更多的观众没玩过游戏啊。这不就和没看过《射雕》就去看王家卫的《东邪西毒》一样,2017/7/26 7:47,3
2,为游戏充值【基友上线 就我一个人中间一直想睡着？？？？,2017/5/7 12:18,3
2,真的。。不大。。能。。理解。。,2012/2/27 0:38,3
2,又无聊又中二。,2018/2/22 2:00,3
2,真的杀马特造型+奇怪的剧情，但是小姐姐还是好看的,2018/10/13 21:45,3
2,以前看过DVDRip，有BDRip了，复习一下。有种下错电影的感觉，跟记忆完全对不上，虽然我也不记得什么了。剧情碎片化太严重，连蒙带猜的看，或许是我背景知识不够的缘故。教堂的战斗画面没有记忆中唯美，科幻的悲情也消失了。看的全无感觉。,2017/5/10 23:55,3
2,公司同事强烈推荐的........的确充满了各种令人爽快的暴力美学因子，交响诗般的配乐也让人听得如痴如醉。只是自己似乎更倾向于看女人打架~~,2016/12/21 16:17,3
1,哈喽,2013/6/21 16:32,3
2,很久以前看的了，最近看了FF15来评论的，真的太中二了，尼玛8.2都是粉打出来的吧，作为电影真的是垃圾，画面确实是好而已,2016/9/5 15:12,3
2,各方面都很一般 作为卖点的视觉效果过了几年就没有用了吧,2011/7/23 23:52,3
2,画面是华丽了，但是整部剧找妈妈，这，，，,2016/10/4 1:20,3
1,快進看蒂法去了。,2012/4/30 19:18,3
1,全是游戏骨灰粉丝刷的吧，电影里除了耍酷就是没有逻辑的装逼，完全没有世界陷入危机的感觉。,2016/8/31 23:27,5
2,完全是ff7 五部曲里最差的。零剧情，洗剪吹。,2014/3/1 0:02,3
2,都是什么乱七八糟的,2016/8/27 17:46,3
1,好傻,2018/2/9 16:32,3
2,嗯？,2008/7/6 10:58,3
2,剧情有点弱，CG技术还不过好，看得眼睛好伤。,2017/2/18 21:53,3
2,大反派就不能痛快点杀人么，每次都高谈阔论手下留情的设定简直恶心。,2016/9/5 2:14,3
2,我错惹，还是15比较好看。,2017/6/30 20:48,3
2,CG果然不能看很久之前的…现在都15了吧？,2016/12/18 19:22,3
2,什么鬼啊,2016/9/28 23:27,3
1,什么鸡巴玩意。,2012/9/4 2:40,4
2,不好看，感觉叙述很混乱。,2016/9/3 10:51,3
2,莫名其妙。,2020/7/30 10:05,2
2,我为什么要看这种电影...拜托别随意加科幻标签好不好。,2020/3/29 23:18,3
1,为什么没有核心危机 傻逼克劳德,2017/12/28 15:02,3
2,我是FF7正传的狂热粉丝，所以我只给两星,2018/1/22 2:34,3
1,什么时候日本鬼子出这垃圾电影了 谁给翻译的 翻译过来是最终幻想 不翻译那就是垃圾 侮辱了华夏的文字 我咒他死,2012/7/5 21:00,4
2,没看完，没兴趣,2018/2/5 1:56,3
2,日本人讲英语就是蹩脚，搞那么一套脱亚入欧，脱了多少年了，还乐此不疲。看来日本崇洋媚外的也不比国内少，还自以为高大尚。CG不错，打斗也可以，表情有些僵硬，动作也不够流畅，可05年，有这水平，已经很不错了。但故事我是真不感兴趣，所以我认为故事很烂，超级烂。,2019/3/21 21:01,3
2,虽然最终幻想展现了CG动画的高水准，但对电影特效不构成威胁,2016/5/6 21:02,3
1,什么玩意,2019/2/24 21:24,3
1,叙事不清晰,2016/8/26 16:52,3
2,不是游戏党，不知所以然,2017/7/9 19:06,3
2,前半部分都在看脸，后半部分一直在狂笑。充满了难以言喻的笑点，明明是该很酷炫的，但始终无法入戏。富有年代感的CG。,2019/7/3 12:47,3
2,现在看真有点犯尴尬症，以前用来耍酷的洗剪吹显得很土，人物故做忧伤。这世界和中年人无关，靠一帮少年来拯救。,2019/6/21 16:28,3
2,关于这部片我只做错了一件事：没有在05年看… 如果看了，我会把它吹上天，并且玩一遍最终幻想； 可是我没有，现在我只觉得他一无是处，就算是有游戏在前也是矫情到死不说人话 除了火出圈的3D界耶路撒冷Tifa女神！ 还有几场动作戏相当不错，尤其是考虑到05年的3D动画电影都是tm什么鬼东西 但主要还是Tifa女神！Tifa！Tifa！Tifa！ 【5.0】,2022/5/8 0:46,0
1,很后悔当初觉得很惊艳时没多看几遍，现在重看，除了CG，剧情真是非常的差,2021/1/4 21:04,2
2,废镜头太多,2020/6/11 12:36,1
2,一颗给云片，一颗给老萨,2020/8/26 18:20,1
1,我说这CG动画怎么看上去这么眼熟，那种千篇一律的缺乏动态感的表现形式，再看看导演明白了,2016/7/12 18:25,3
2,不了解世界观，感觉神神叨叨的，日本人很喜欢给人物起一堆西方名字。另外日本人貌似对痛苦绝望之类的特别感兴趣，似乎每一个反派都说过：你知道什么叫绝望吗？让你感受一下我的痛苦吧。。。。。,2018/5/14 20:52,3
2,关注此游戏缘于王菲那首《eyes on me》，MV尤其漂亮，买来四碟还是五碟装的幻8，装到电脑运行后，出来几个蒜瓣那么高的小人挥着刀，那一刻内心是崩溃的，之前玩的生化2甩它N条街，幻灭后立即卸载，此后再也没碰过，这可能也是最终幻想名字的由来，为了那段坑爹的历史，两星奉上。,2016/5/22 16:46,3
2,飘柔宣传片，台词做作，剧情俗套，潮男发型，片尾螺旋报幕nice,2022/4/23 21:10,0
1,作为娘炮发源地的日本，本片的革新就是将男主角的娘炮形象引入了3D动画行业。在技术方面，当时确实很厉害。但是故事方面就算了，打斗也混乱不堪，想看动作打斗，看了个寂寞，想看剧情剧本又这么差，难怪当年票房惨淡。以及，日本的动漫里，一般女性角色几乎分不出区别。然而在这部动画却不同，基本上大多数男性角色的脸部模型都一个样的，当时看这部动画时年龄还小，这个问题还一直困扰我，为什么那些男的角色都是一样的，哈哈哈,2023/1/10 16:26,0
2,想法是有的（又是意识流又是各种叙事技巧还有一些“经过设计的分镜”）但是效果真的糟糕 画面很炫，炫得找不到重点，燃不起来了，属于最终幻想电影的通病，怪不得每部都亏钱 萨菲罗斯登场了才开始好看，跟换了一部电影一样,2023/7/8 22:08,0
2,纯技术向电影。剧情拖沓主角磨叽到不能忍受，一句话可概括，说是正片体量顶多是个宣传片。,2019/10/12 1:36,1
2,苍白纤细的人物长相 各种杀马特发型 古早风格实在欣赏不来 cg特效在05年确实优秀了 还有那么多打斗场面真的不好拍 但那些动作在现在看来真的过时了 有段接力把男主往上抛的动作戏在如今看来真的是傻叉搞笑 两星给当年特效 但这种给游戏粉丝定制的电影让普通人看来就是无意义的打打杀杀 只感觉到特别无聊的剧情和人物 实在给不了高分,2020/12/2 16:43,1
2,据说是Tifa诞生35周年的日子。 第一次来会会传说中的Tifa，确实美。 这些角色有个好处，只要有人记得，有人一创二创，他就永远地活着。 或许我老的时候，还可以再看看新银河歌姬的诞生。 这就是虚拟角色的生命力。 二十年前的此电影，确实也技术实力雄厚。 但也仅此而已。 看了个寂寞。 可能是纯粉丝向的产品吧。,2022/5/4 1:43,0
1,游戏应该是有意思的。但是做成电影就真是无聊透顶，故弄玄虚，毫无逻辑，真是浪费时间。,2024/7/22 2:21,0
2,还没有玩过这款游戏，就看这部电影，剧情就有点对不上号了，加上这部电影看起来就是游戏动画的样子，感觉有点另类，或者说有点新瓶装旧酒的嫌疑。,2019/9/28 13:09,0
2,这游戏画风，实在是看不下去,2018/12/22 15:28,0
2,彩发、彩瞳看得人眼晕，对一水的男团爱豆造型不感冒。长发BOSS是片中唯一帅。动作炫酷，过于跳，眼晕。,2022/5/9 2:58,0
2,@2009-06-29 01:40:03,2009/6/29 1:40,0
2,还是游戏好，这剧本太中二了,2023/12/7 17:26,0
2,烂得搞笑的程度，作为电影没有起承转合，但是如果单作为游戏cg还可以。萨菲罗斯你戏份太少了，我永远不死的前夫哥，我会一直，一直思念你,2024/6/19 17:08,1
1,日本,2009/3/2 13:10,5
2,活不错，就是有点烂。,2021/1/3 15:46,0
2,真的是一部十分中二的片子。蒂法女神很美。,2022/1/28 16:13,0
2,没玩过游戏看不懂,2024/12/19 14:50,0
2,现在看的，对不起，不玩游戏真的看不懂也看不进去……也没有看过前面几集～,2024/7/17 23:24,0
1,啊？？？？？,2022/1/19 0:14,0
1,什么tony大战……好痛苦，各方面都好差……受不了了……恨不得把剪刀抢过来狠狠砸了…… 谁教的你们搞笑役=弱智……爱丽丝死了还在输出治疗……摸不着头脑…… 洛圣都的市民都没你们倒霉……,2023/3/9 15:15,0
2,很神奇，还是第一次对于日本动画无感啊,2023/6/24 15:07,0
1,畫面精美，沒有劇情。不能相信「沒玩過遊戲的也覺得好看」的理由。,2019/9/13 21:35,1
2,什么狗屎运镜,2024/1/5 20:35,0
2,苍天呐！讲得什么玩意？完全没玩过游戏也不知道剧情的人根本看不下去也看不懂啊！好久没看过这么莫名其妙的动画片了。人物真的帅，也就仅此而已了,2025/1/20 1:57,0
1,补完，从头打到尾，人物反复客串,2021/12/25 23:10,0
1,导演要搞清楚这是一部电影，需要剧情的，不是靠着几段中二的CG打斗就能糊弄过去的。莫名其妙浪费时间的电影。,2024/2/11 19:54,0
2,萨菲罗斯好帅！画面太精美了！建模很好！剧情什么鬼！！,2021/3/5 23:50,0
2,我的评价是不如去好好做游戏了啦……,2023/6/18 17:43,0
1,看不懂,2021/4/14 0:46,1
2,上周通关ff7r，又花了好几天的时间疯狂恶补ff7的整个故事。我就是处在这样着迷于ff7故事的状态加成下看的圣子降临，但是这部电影依然给了我忍无可忍的糟糕观感。就像绝大多数其它日本电影一样，逼格大于一切。人物都神神道道的，剪辑都要提前一刀，故弄玄虚到最后还是不和逻辑的鸡汤自嗨。没完没了的慢镜头，更恶心的是，交锋时的关键碰撞都用晃瞎眼的光晕糊弄过去了。不得不说，ff粉的钱是很好赚啊。,2022/11/1 13:43,1
1,在b站评论这部电影“放到现在看，觉得做个真烂，打斗和追车的动作设计和运镜都太过拖沓了”然后就被举报删评论扣节操值，连续多日受到辱骂攻击，现在还没停呢，真可怕,2020/7/8 10:53,1
2,靠克劳德和萨菲罗斯的脸和配音看完的，黄毛、耳钉、摩托、护目镜很帅，打戏也挺流畅，那个年代的CG就这么出色了，少数台词挺喜欢，记忆是经过美化的，没有什么东西是不值得珍视的，拖拉得太久会让武器也变轻，但作为圈外人剧情没什么触动……,2024/3/17 16:55,0
2,十二年后重看，感觉拍得就不是让非游戏玩家看的，情节稀碎，完全无法理解-2022年1月24日,2010/2/22 20:23,0
2,听说本来只是做个片段做为游戏宣传，结果玩家要求做成电影故而有了这一部，那我觉得最初的决定确实是正确的。,2022/7/29 19:34,0
2,剧情跟设定一样随便。红毛和光头居然是谐星。,2022/2/3 21:53,0
2,画面真美…………,2023/9/6 16:56,0
2,很成功的一部电影，让人产生向往里面的世界，梦一样就够了,2022/5/23 3:52,0
2,游戏改编电影 非主流少年拯救皮肤病儿童,2021/10/20 6:24,1
2,剑不错，对不玩游戏的我来说，没有什么剧情。,2022/1/31 11:31,0
1,2021年 弱智 屎一样,2021/9/4 5:01,1
2,反派也太杀马特了吧,2020/7/27 8:31,0
1,不知所云，看了瞌睡,2021/1/26 12:18,1
1,哦，两倍速看都顶不住，我要关掉的冲动，真的很无聊。,2020/8/30 0:25,1
1,媚宅,2022/5/11 15:00,0
2,纯玩家向作品，以电影的标准看待有点糟糕，用好人坏人就能简单囊括的二元对立世界，全员工具人的人物塑造，也就主角给了个身体受伤且好友去世因此陷入自我怀疑的人设，结果用了两个好友闪回的画面就轻描淡写的转变了，另外日本人不擅长这种宏大叙事，动辄就能改变世界的战斗给人的感觉像是高中生打群架，看着忍不住发笑，从剧作方面来看第一幕的人物建置和第三幕的动作戏也显得冗长,2023/6/15 16:12,1
2,阴湿，太阴湿了,2024/3/23 20:32,0
2,没有个前因后果的话很难代入,2022/5/14 18:55,0
2,现在在看之前的动画作品确实一般，但是当年看的话绝对惊艳。,2025/1/23 15:35,0
2,无聊的打斗戏太多很烦人，靠对角色的爱支持看完。,2022/1/13 2:07,0
2,什么鬼,2021/2/14 11:11,0
2,粉丝向作品，本质还是老套的男主打反派拯救世界，因为萨菲罗斯人气太高所以再拉出来溜一圈。日厂的女性游戏角色塑造也从来没让人失望，一如既往的烂啊。,2024/3/23 22:59,0
2,单纯从剪辑叙事手法的角度来说真的很差劲啊,2022/1/14 0:32,0
2,几年后才看到依旧冲击的CG电影,2021/11/24 10:31,0
1,看b站一个人把这电影说的那么伟大都快说出哭腔了，真让人恶心,2023/12/28 8:45,0
2,没看完，不是我喜欢的类型。,2024/1/26 15:33,0
2,非主流葬爱家族动作片,2020/6/15 16:07,0
1,什么垃圾玩意儿8.2分？？？通篇中二话术，毫无逻辑叙事，劈头盖脸的日系矫情，给老子看吐了，感觉脑子进了脏东西,2023/8/8 10:01,0
1,垃圾小日本,2021/4/4 0:31,2
2,没什么故事可言，主要看看小云,2018/6/17 0:54,0
2,纯粉丝向的东西吧，节奏乱的一塌糊涂，人物众多而不知所云，故事情节支离破碎，导演显然不知电影何为,2019/5/23 11:50,0
2,剧情真是看得人直犯困，非常的无聊没有太多亮点。 可能还是要回到那个年代看才有意思吧 特效捏脸什么的在当时应该是顶级了,2024/6/13 3:30,0
2,……太漫长了，红毛帅哥还有漂亮小男孩也救不了我。即使旁边有人解说，没玩过游戏的也不建议看。,2022/11/15 7:52,0
2,太吓人了,2023/8/13 8:09,0
1,看不懂,2020/7/14 21:01,1
2,无聊,2021/4/13 18:10,0
2,读幼儿园的时候看过一次，今天想入《最终幻想》的坑了，于是熬夜重补一遍，发现是真的不值得浪费两个小时。 这部是纯纯的粉丝向电影。没玩过游戏的我一脸懵逼地点进，看完后一脸懵逼地退出，全程毫无波澜，甚至想睡觉。全篇最好的人物塑造就是扎克斯和爱丽丝，别的角色多多少少都有点拉跨。作画和剧情方面则只能说制作人员已经努力了，实际效果不差，但是就事论事，各种槽点真是太多了，打戏看得我出戏。 还有就是剧情方面，我个人原本就不吃“保护环境人人有责”的大众情怀这一套。然后最终幻想系列一贯的“打架不死人”设定也让我难受。神罗战士抗打又会玩，飞来飞去的视觉效果的确很好，但是——这一点不是对电影的评价——游戏里这么玩，代入感直接减去四分之三。,2022/3/11 0:15,0
2,看了半小时弃了，感觉不好看,2023/10/18 20:56,0
1,剪辑混乱，到处是插叙倒叙，场景来回切换，看的生气。,2021/1/27 15:03,1
2,前面好乱，整体毫无逻辑，纯情怀向。,2020/2/15 15:17,0
1,我很厌恶这个，不知道为什么,2020/9/11 7:24,1
2,不好看，get不到,2024/2/20 16:04,0
2,太可怕了，真的太可怕了，我就问这玩意有剧情吗，这个剧情有什么锚点吗……感觉叙事完全是一团散沙，有这两个小时我为什么不去玩7re呢游戏的叙事都比它完整,2024/2/19 20:27,0
2,粉丝向太重了，日本做的人物确实好看，但也就到好看为止了。看得我头昏脑涨，不能说是浪费了俩小时吧，只能说浪费了128分钟……,2022/4/2 21:53,1
1,全程不是嗯，就是啊，嗯嗯啊啊,2021/9/2 22:49,1
1,和屎一样的剧情，除了制作可以。其他都是屎,2022/12/12 22:50,0
1,hold the salt，恶俗啊,2024/12/7 16:51,0
2,很早之前就看过，最近重温之后发现确实真的很棒，05年的剧画质一点也不出现在,2024/2/4 9:03,0
2,补,2023/12/20 17:39,0
2,玩过了原作之后 你会感到。。。你除了CG你还有啥啊...,2009/11/15 18:52,0
